ac_code,erp_code,status,category,supplier
AERO-DIVAN ONLY,DIVAN ONLY,NEW,BEDFRAME,400-A001
AERO-DIVAN ONLY (K),DIVAN ONLY-(K),EXISTS,BEDFRAME,400-A001
AERO-DIVAN ONLY (Q),DIVAN ONLY-(Q),EXISTS,BEDFRAME,400-A001
AERO-DIVAN ONLY (S),DIVAN ONLY-(S),EXISTS,BEDFRAME,400-A001
AERO-DIVAN ONLY (SS),DIVAN ONLY-(SS),EXISTS,BEDFRAME,400-A001
AERO-Y04 (K),Y04-(K),EXISTS,BEDFRAME,400-A001
AERO-Y04 (Q),Y04-(Q),EXISTS,BEDFRAME,400-A001
AERO-Y04 (S),Y04-(S),EXISTS,BEDFRAME,400-A001
AERO-Y04 (SS),Y04-(SS),EXISTS,BEDFRAME,400-A001
AERO-Y09 (K),Y09-(K),EXISTS,BEDFRAME,400-A001
AERO-Y09 (Q),Y09-(Q),EXISTS,BEDFRAME,400-A001
AERO-Y09 (S),Y09-(S),EXISTS,BEDFRAME,400-A001
AERO-Y09 (SS),Y09-(SS),EXISTS,BEDFRAME,400-A001
AERO-Y103 (K),Y103-(K),EXISTS,BEDFRAME,400-A001
AERO-Y103 (Q),Y103-(Q),EXISTS,BEDFRAME,400-A001
AERO-Y103 (S),Y103-(S),EXISTS,BEDFRAME,400-A001
AERO-Y103 (SS),Y103-(SS),EXISTS,BEDFRAME,400-A001
AERO-Y31 (K),Y31-(K),EXISTS,BEDFRAME,400-A001
AERO-Y31 (Q),Y31-(Q),EXISTS,BEDFRAME,400-A001
AERO-Y31 (S),Y31-(S),EXISTS,BEDFRAME,400-A001
AERO-Y31 (SS),Y31-(SS),EXISTS,BEDFRAME,400-A001
AERO-Y41 (K),Y41-(K),EXISTS,BEDFRAME,400-A001
AERO-Y41 (Q),Y41-(Q),EXISTS,BEDFRAME,400-A001
AERO-Y41 (S),Y41-(S),EXISTS,BEDFRAME,400-A001
AERO-Y41 (SS),Y41-(SS),EXISTS,BEDFRAME,400-A001
AERO-Y44 (K),Y44-(K),EXISTS,BEDFRAME,400-A001
AERO-Y44 (Q),Y44-(Q),EXISTS,BEDFRAME,400-A001
AERO-Y44 (S),Y44-(S),EXISTS,BEDFRAME,400-A001
AERO-Y44 (SS),Y44-(SS),EXISTS,BEDFRAME,400-A001
AERO-Y45 (K),Y45-(K),EXISTS,BEDFRAME,400-A001
AERO-Y45 (Q),Y45-(Q),EXISTS,BEDFRAME,400-A001
AERO-Y45 (S),Y45-(S),EXISTS,BEDFRAME,400-A001
AERO-Y45 (SS),Y45-(SS),EXISTS,BEDFRAME,400-A001
AERO-Y78 (K),Y78-(K),EXISTS,BEDFRAME,400-A001
AERO-Y78 (Q),Y78-(Q),EXISTS,BEDFRAME,400-A001
AERO-Y78 (S),Y78-(S),EXISTS,BEDFRAME,400-A001
AERO-Y78 (SS),Y78-(SS),EXISTS,BEDFRAME,400-A001
AKBF-PEBBLE GREY (K),PEBBLE GREY-(K),NEW,BEDFRAME,400-D002
AKBF-PEBBLE GREY (Q),PEBBLE GREY-(Q),NEW,BEDFRAME,400-D002
AKBF-PEBBLE GREY (S),PEBBLE GREY-(S),NEW,BEDFRAME,400-D002
AKBF-PEBBLE GREY (SK),PEBBLE GREY-(SK),NEW,BEDFRAME,400-D002
AKBF-PEBBLE GREY (SS),PEBBLE GREY-(SS),NEW,BEDFRAME,400-D002
AKBF-SANDY BEACH (K),SANDY BEACH-(K),NEW,BEDFRAME,400-D002
AKBF-SANDY BEACH (Q),SANDY BEACH-(Q),NEW,BEDFRAME,400-D002
AKBF-SANDY BEACH (S),SANDY BEACH-(S),NEW,BEDFRAME,400-D002
AKBF-SANDY BEACH (SK),AKEMI -SANDY BEACH-(SK),EXISTS,BEDFRAME,400-D002
AKBF-SANDY BEACH (SS),SANDY BEACH-(SS),NEW,BEDFRAME,400-D002
BC-BC021(K),TIFFANI-(K),EXISTS,BEDFRAME,400-B002
BC-BC021(Q),TIFFANI-(Q),EXISTS,BEDFRAME,400-B002
BC-BC021(S),TIFFANI-(S),EXISTS,BEDFRAME,400-B002
BC-BC021(SS),TIFFANI-(SS),EXISTS,BEDFRAME,400-B002
BC-BC028(K),GINA-(K),EXISTS,BEDFRAME,400-B002
BC-BC028(Q),GINA-(Q),EXISTS,BEDFRAME,400-B002
BC-BC028(S),GINA-(S),EXISTS,BEDFRAME,400-B002
BC-BC028(SS),GINA-(SS),EXISTS,BEDFRAME,400-B002
BC-BC16(K),BC16-(K),EXISTS,BEDFRAME,400-B002
BC-BC16(Q),BC16-(Q),EXISTS,BEDFRAME,400-B002
BC-CB015(K),CB015-(K),EXISTS,BEDFRAME,400-B002
BC-CB015(Q),CB015-(Q),EXISTS,BEDFRAME,400-B002
BC-CB015(S),CB015-(S),EXISTS,BEDFRAME,400-B002
BC-CB015(SS),CB015-(SS),EXISTS,BEDFRAME,400-B002
BC-CB028(SS),GINA-(SS),EXISTS,BEDFRAME,400-B002
BC-CB052A(K),HANZ-(K),EXISTS,BEDFRAME,400-B002
BC-CB052A(Q),HANZ-(Q),EXISTS,BEDFRAME,400-B002
BC-CB052A(S),HANZ-(S),EXISTS,BEDFRAME,400-B002
BC-CB052A(SS),HANZ-(SS),EXISTS,BEDFRAME,400-B002
BC-CBK815(K),BOAT-(K),EXISTS,BEDFRAME,400-B002
BC-CBK815(Q),BOAT-(Q),EXISTS,BEDFRAME,400-B002
BC-CBK818(K),PRINCE-(K),EXISTS,BEDFRAME,400-B002
BC-CBK818(SK),PRINCE-(SK),NEW,BEDFRAME,400-B002
BC-F01(K),F01-(K),EXISTS,BEDFRAME,400-B002
BC-F01(Q),F01-(Q),EXISTS,BEDFRAME,400-B002
BC-F10(K),DUKE-(K),EXISTS,BEDFRAME,400-B002
BC-F10(Q),DUKE-(Q),EXISTS,BEDFRAME,400-B002
BC-F10(S),DUKE-(S),EXISTS,BEDFRAME,400-B002
BC-F10(SS),DUKE-(SS),EXISTS,BEDFRAME,400-B002
BC-G25(K),G25-(K),EXISTS,BEDFRAME,400-B002
BC-G25(Q),G25-(Q),EXISTS,BEDFRAME,400-B002
BC-G25(S),G25-(S),EXISTS,BEDFRAME,400-B002
BC-G25(SS),G25-(SS),EXISTS,BEDFRAME,400-B002
BC-G510,G510,EXISTS,BEDFRAME,400-B002
BC-K818(Q),PRINCE-(Q),EXISTS,BEDFRAME,400-B002
BC-K832 (K),K832-(K),EXISTS,BEDFRAME,400-B002
GMS-B25(K),B25-(K),NEW,BEDFRAME,400-G004
GMS-B25(Q),B25-(Q),NEW,BEDFRAME,400-G004
GMS-B25(S),B25-(S),NEW,BEDFRAME,400-G004
GMS-B25(SS),B25-(SS),NEW,BEDFRAME,400-G004
HOK- DIVAN ONLY (SS),DIVAN ONLY-(SS),EXISTS,BEDFRAME,400-O002
HOK-1003 (A) (K),HILTON (A)-(K),EXISTS,BEDFRAME,400-O002
HOK-1003 (A) (Q),HILTON (A)-(Q),EXISTS,BEDFRAME,400-O002
HOK-1003 (A) (S),HILTON (A)-(S),EXISTS,BEDFRAME,400-O002
HOK-1003 (A) (SK),HILTON (A)-(SK),EXISTS,BEDFRAME,400-O002
HOK-1003 (A) (SP),HILTON (A)-(SP),EXISTS,BEDFRAME,400-O002
HOK-1003 (A) (SS),HILTON (A)-(SS),EXISTS,BEDFRAME,400-O002
HOK-1003 (A)(HF)(W) (K),HILTON 2.0 (A)(F)-(K),EXISTS,BEDFRAME,400-O002
HOK-1003 (A)(HF)(W) (Q),HILTON 2.0 (A)(F)-(Q),EXISTS,BEDFRAME,400-O002
HOK-1003 (A)(HF)(W) (S),HILTON 2.0 (A)(F)-(S),EXISTS,BEDFRAME,400-O002
HOK-1003 (A)(HF)(W) (SK),HILTON 2.0 (A)(F)-(SK),EXISTS,BEDFRAME,400-O002
HOK-1003 (A)(HF)(W) (SP),HILTON 2.0 (A)(F)-(SP),EXISTS,BEDFRAME,400-O002
HOK-1003 (A)(HF)(W) (SS),HILTON 2.0 (A)(F)-(SS),EXISTS,BEDFRAME,400-O002
HOK-1005 (K),FENRIR-(K),EXISTS,BEDFRAME,400-O002
HOK-1005 (Q),FENRIR-(Q),EXISTS,BEDFRAME,400-O002
HOK-1005 (S),FENRIR-(S),EXISTS,BEDFRAME,400-O002
HOK-1005 (SK),FENRIR-(SK),EXISTS,BEDFRAME,400-O002
HOK-1005 (SP),FENRIR-(SP),EXISTS,BEDFRAME,400-O002
HOK-1005 (SS),FENRIR-(SS),EXISTS,BEDFRAME,400-O002
HOK-1007 (HF)(W) (K),CODY 2.0 (F)-(K),EXISTS,BEDFRAME,400-O002
HOK-1007 (HF)(W) (Q),CODY 2.0 (F)-(Q),EXISTS,BEDFRAME,400-O002
HOK-1007 (HF)(W) (S),CODY 2.0 (F)-(S),EXISTS,BEDFRAME,400-O002
HOK-1007 (HF)(W) (SK),CODY 2.0 (F)-(SK),EXISTS,BEDFRAME,400-O002
HOK-1007 (HF)(W) (SP),CODY 2.0 (F)-(SP),EXISTS,BEDFRAME,400-O002
HOK-1007 (HF)(W) (SS),CODY 2.0 (F)-(SS),EXISTS,BEDFRAME,400-O002
HOK-1007 (K),CODY-(K),EXISTS,BEDFRAME,400-O002
HOK-1007 (Q),CODY-(Q),EXISTS,BEDFRAME,400-O002
HOK-1007 (S),CODY-(S),EXISTS,BEDFRAME,400-O002
HOK-1007 (SK),CODY-(SK),EXISTS,BEDFRAME,400-O002
HOK-1007 (SP),CODY-(SP),EXISTS,BEDFRAME,400-O002
HOK-1007 (SS),CODY-(SS),EXISTS,BEDFRAME,400-O002
HOK-1009 (A) (K),VALKYRIE (A)-(K),EXISTS,BEDFRAME,400-O002
HOK-1009 (A) (Q),VALKYRIE (A)-(Q),EXISTS,BEDFRAME,400-O002
HOK-1009 (A) (S),VALKYRIE (A)-(S),EXISTS,BEDFRAME,400-O002
HOK-1009 (A) (SK),VALKYRIE (A)-(SK),EXISTS,BEDFRAME,400-O002
HOK-1009 (A) (SP),VALKYRIE (A)-(SP),EXISTS,BEDFRAME,400-O002
HOK-1009 (A) (SS),VALKYRIE (A)-(SS),EXISTS,BEDFRAME,400-O002
HOK-1013 (K),JAGER-(K),EXISTS,BEDFRAME,400-O002
HOK-1013 (Q),JAGER-(Q),EXISTS,BEDFRAME,400-O002
HOK-1013 (S),JAGER-(S),EXISTS,BEDFRAME,400-O002
HOK-1013 (SK),JAGER-(SK),EXISTS,BEDFRAME,400-O002
HOK-1013 (SP),JAGER-(SP),EXISTS,BEDFRAME,400-O002
HOK-1013 (SS),JAGER-(SS),EXISTS,BEDFRAME,400-O002
HOK-1019 (A) (HF)(W) (K),ARIZONA 2.0 (A) (F)-(K),EXISTS,BEDFRAME,400-O002
HOK-1019 (A) (HF)(W) (Q),ARIZONA 2.0 (A) (F)-(Q),EXISTS,BEDFRAME,400-O002
HOK-1019 (A) (HF)(W) (S),ARIZONA 2.0 (A) (F)-(S),EXISTS,BEDFRAME,400-O002
HOK-1019 (A) (HF)(W) (SK),ARIZONA 2.0 (A) (F)-(SK),EXISTS,BEDFRAME,400-O002
HOK-1019 (A) (HF)(W) (SP),ARIZONA 2.0 (A) (F)-(SP),EXISTS,BEDFRAME,400-O002
HOK-1019 (A) (HF)(W) (SS),ARIZONA 2.0 (A) (F)-(SS),EXISTS,BEDFRAME,400-O002
HOK-1019 (K),ARIZONA (A)-(K),EXISTS,BEDFRAME,400-O002
HOK-1019 (Q),ARIZONA (A)-(Q),EXISTS,BEDFRAME,400-O002
HOK-1019 (S),ARIZONA (A)-(S),EXISTS,BEDFRAME,400-O002
HOK-1019 (SK),ARIZONA (A)-(SK),EXISTS,BEDFRAME,400-O002
HOK-1019 (SP),ARIZONA (A)-(SP),EXISTS,BEDFRAME,400-O002
HOK-1019 (SS),ARIZONA (A)-(SS),EXISTS,BEDFRAME,400-O002
HOK-1023 (HF)(W) (K),COTY 2.0 (F)-(K),EXISTS,BEDFRAME,400-O002
HOK-1023 (HF)(W) (Q),COTY 2.0 (F)-(Q),EXISTS,BEDFRAME,400-O002
HOK-1023 (HF)(W) (S),COTY 2.0 (F)-(S),EXISTS,BEDFRAME,400-O002
HOK-1023 (HF)(W) (SK),COTY 2.0 (F)-(SK),EXISTS,BEDFRAME,400-O002
HOK-1023 (HF)(W) (SP),COTY 2.0 (F)-(SP),EXISTS,BEDFRAME,400-O002
HOK-1023 (HF)(W) (SS),COTY 2.0 (F)-(SS),EXISTS,BEDFRAME,400-O002
HOK-1023 (K),COTY-(K),EXISTS,BEDFRAME,400-O002
HOK-1023 (Q),COTY-(Q),EXISTS,BEDFRAME,400-O002
HOK-1023 (S),COTY-(S),EXISTS,BEDFRAME,400-O002
HOK-1023 (SK),COTY-(SK),EXISTS,BEDFRAME,400-O002
HOK-1023 (SP),COTY-(SP),EXISTS,BEDFRAME,400-O002
HOK-1023 (SS),COTY-(SS),EXISTS,BEDFRAME,400-O002
HOK-1030 (HF)(W) (K),TIFANNY 2.0 (F)-(K),EXISTS,BEDFRAME,400-O002
HOK-1030 (HF)(W) (Q),TIFANNY 2.0 (F)-(Q),EXISTS,BEDFRAME,400-O002
HOK-1030 (HF)(W) (S),TIFANNY 2.0 (F)-(S),EXISTS,BEDFRAME,400-O002
HOK-1030 (HF)(W) (SK),TIFANNY 2.0 (F)-(SK),EXISTS,BEDFRAME,400-O002
HOK-1030 (HF)(W) (SP),TIFANNY 2.0 (F)-(SP),EXISTS,BEDFRAME,400-O002
HOK-1030 (HF)(W) (SS),TIFANNY 2.0 (F)-(SS),EXISTS,BEDFRAME,400-O002
HOK-1030 (K),TIFANNY-(K),EXISTS,BEDFRAME,400-O002
HOK-1030 (Q),TIFANNY-(Q),EXISTS,BEDFRAME,400-O002
HOK-1030 (S),TIFANNY-(S),EXISTS,BEDFRAME,400-O002
HOK-1030 (SK),TIFANNY-(SK),EXISTS,BEDFRAME,400-O002
HOK-1030 (SP),TIFANNY-(SP),EXISTS,BEDFRAME,400-O002
HOK-1030 (SS),TIFANNY-(SS),EXISTS,BEDFRAME,400-O002
HOK-1041 (K),VICTORIA-(K),EXISTS,BEDFRAME,400-O002
HOK-1041 (Q),VICTORIA-(Q),EXISTS,BEDFRAME,400-O002
HOK-1041 (S),VICTORIA-(S),EXISTS,BEDFRAME,400-O002
HOK-1041 (SK),VICTORIA-(SK),EXISTS,BEDFRAME,400-O002
HOK-1041 (SP),VICTORIA-(SP),EXISTS,BEDFRAME,400-O002
HOK-1041 (SS),VICTORIA-(SS),EXISTS,BEDFRAME,400-O002
HOK-1051 (K),STAR-(K),EXISTS,BEDFRAME,400-O002
HOK-1051 (Q),STAR-(Q),EXISTS,BEDFRAME,400-O002
HOK-1051 (S),STAR-(S),EXISTS,BEDFRAME,400-O002
HOK-1051 (SK),STAR-(SK),EXISTS,BEDFRAME,400-O002
HOK-1051 (SP),STAR-(SP),EXISTS,BEDFRAME,400-O002
HOK-1051 (SS),STAR-(SS),EXISTS,BEDFRAME,400-O002
HOK-1052 (K),CASUAL-(K),EXISTS,BEDFRAME,400-O002
HOK-1052 (Q),CASUAL-(Q),EXISTS,BEDFRAME,400-O002
HOK-1052 (S),CASUAL-(S),EXISTS,BEDFRAME,400-O002
HOK-1052 (SK),CASUAL-(SK),EXISTS,BEDFRAME,400-O002
HOK-1052 (SP),CASUAL-(SP),EXISTS,BEDFRAME,400-O002
HOK-1052 (SS),CASUAL-(SS),EXISTS,BEDFRAME,400-O002
HOK-2003 (K),ELEPHANE-(K),EXISTS,BEDFRAME,400-O002
HOK-2003 (Q),ELEPHANE-(Q),EXISTS,BEDFRAME,400-O002
HOK-2003 (S),ELEPHANE-(S),EXISTS,BEDFRAME,400-O002
HOK-2003 (SK),ELEPHANE-(SK),EXISTS,BEDFRAME,400-O002
HOK-2003 (SP),ELEPHANE-(SP),EXISTS,BEDFRAME,400-O002
HOK-2003 (SS),ELEPHANE-(SS),EXISTS,BEDFRAME,400-O002
HOK-2006(A) (K),REGAL (A)-(K),EXISTS,BEDFRAME,400-O002
HOK-2006(A) (Q),REGAL (A)-(Q),EXISTS,BEDFRAME,400-O002
HOK-2006(A) (S),REGAL (A)-(S),EXISTS,BEDFRAME,400-O002
HOK-2006(A) (SK),REGAL (A)-(SK),EXISTS,BEDFRAME,400-O002
HOK-2006(A) (SP),REGAL (A)-(SP),EXISTS,BEDFRAME,400-O002
HOK-2006(A) (SS),REGAL (A)-(SS),EXISTS,BEDFRAME,400-O002
HOK-2008(A) (K),TRION (A) (HB STR)-(K),EXISTS,BEDFRAME,400-O002
HOK-2008(A) (Q),TRION (A) (HB STR)-(Q),EXISTS,BEDFRAME,400-O002
HOK-2008(A) (S),TRION (A) (HB STR)-(S),EXISTS,BEDFRAME,400-O002
HOK-2008(A) (SK),TRION (A) (HB STR)-(SK),EXISTS,BEDFRAME,400-O002
HOK-2008(A) (SP),TRION (A) (HB STR)-(SP),EXISTS,BEDFRAME,400-O002
HOK-2008(A) (SS),TRION (A) (HB STR)-(SS),EXISTS,BEDFRAME,400-O002
HOK-2009(A) (K),TRION (A)-(K),EXISTS,BEDFRAME,400-O002
HOK-2009(A) (Q),TRION (A)-(Q),EXISTS,BEDFRAME,400-O002
HOK-2009(A) (S),TRION (A)-(S),EXISTS,BEDFRAME,400-O002
HOK-2009(A) (SK),TRION (A)-(SK),EXISTS,BEDFRAME,400-O002
HOK-2009(A) (SP),TRION (A)-(SP),EXISTS,BEDFRAME,400-O002
HOK-2009(A) (SS),TRION (A)-(SS),EXISTS,BEDFRAME,400-O002
HOK-2010(A) (K),TRION (A) WITHOUT PIPING-(K),EXISTS,BEDFRAME,400-O002
HOK-2010(A) (Q),TRION (A) WITHOUT PIPING-(Q),EXISTS,BEDFRAME,400-O002
HOK-2010(A) (S),TRION (A) WITHOUT PIPING-(S),EXISTS,BEDFRAME,400-O002
HOK-2010(A) (SK),TRION (A) WITHOUT PIPING-(SK),EXISTS,BEDFRAME,400-O002
HOK-2010(A) (SP),TRION (A) WITHOUT PIPING-(SP),EXISTS,BEDFRAME,400-O002
HOK-2010(A) (SS),TRION (A) WITHOUT PIPING-(SS),EXISTS,BEDFRAME,400-O002
HOK-2011(A) (K),TRION (A) NO PIPING (HB STR)-(K),EXISTS,BEDFRAME,400-O002
HOK-2011(A) (Q),TRION (A) NO PIPING (HB STR)-(Q),EXISTS,BEDFRAME,400-O002
HOK-2011(A) (S),TRION (A) NO PIPING (HB STR)-(S),EXISTS,BEDFRAME,400-O002
HOK-2011(A) (SK),TRION (A) NO PIPING (HB STR)-(SK),EXISTS,BEDFRAME,400-O002
HOK-2011(A) (SP),TRION (A) NO PIPING (HB STR)-(SP),EXISTS,BEDFRAME,400-O002
HOK-2011(A) (SS),TRION (A) NO PIPING (HB STR)-(SS),EXISTS,BEDFRAME,400-O002
HOK-2023 (K),CODY ADJUSTABLE BED (S+S)-(K),NEW,BEDFRAME,400-O002
HOK-2027 (K),BREEVA (W)-(K),EXISTS,BEDFRAME,400-O002
HOK-2027 (Q),BREEVA (W)-(Q),EXISTS,BEDFRAME,400-O002
HOK-2027 (S),BREEVA (W)-(S),EXISTS,BEDFRAME,400-O002
HOK-2027 (SK),BREEVA (W)-(SK),EXISTS,BEDFRAME,400-O002
HOK-2027 (SP),BREEVA (W)-(SP),EXISTS,BEDFRAME,400-O002
HOK-2027 (SS),BREEVA (W)-(SS),EXISTS,BEDFRAME,400-O002
HOK-2033 (HF)(W) (K),JACOB 2.0 (F)-(K),EXISTS,BEDFRAME,400-O002
HOK-2033 (HF)(W) (Q),JACOB 2.0 (F)-(Q),EXISTS,BEDFRAME,400-O002
HOK-2033 (HF)(W) (S),JACOB 2.0 (F)-(S),EXISTS,BEDFRAME,400-O002
HOK-2033 (HF)(W) (SK),JACOB 2.0 (F)-(SK),EXISTS,BEDFRAME,400-O002
HOK-2033 (HF)(W) (SP),JACOB 2.0 (F)-(SP),EXISTS,BEDFRAME,400-O002
HOK-2033 (HF)(W) (SS),JACOB 2.0 (F)-(SS),EXISTS,BEDFRAME,400-O002
HOK-2033 (K),JACOB-(K),EXISTS,BEDFRAME,400-O002
HOK-2033 (Q),JACOB-(Q),EXISTS,BEDFRAME,400-O002
HOK-2033 (S),JACOB-(S),EXISTS,BEDFRAME,400-O002
HOK-2033 (SK),JACOB-(SK),EXISTS,BEDFRAME,400-O002
HOK-2033 (SP),JACOB-(SP),EXISTS,BEDFRAME,400-O002
HOK-2033 (SS),JACOB-(SS),EXISTS,BEDFRAME,400-O002
HOK-2038 (A) (K),CELENE (A)-(K),EXISTS,BEDFRAME,400-O002
HOK-2038 (A) (Q),CELENE (A)-(Q),EXISTS,BEDFRAME,400-O002
HOK-2038 (A) (S),CELENE (A)-(S),EXISTS,BEDFRAME,400-O002
HOK-2038 (A) (SK),CELENE (A)-(SK),EXISTS,BEDFRAME,400-O002
HOK-2038 (A) (SP),CELENE (A)-(SP),EXISTS,BEDFRAME,400-O002
HOK-2038 (A) (SS),CELENE (A)-(SS),EXISTS,BEDFRAME,400-O002
HOK-2038 (A)(HF)(W) (K),CELENE 2.0 (A)(F)-(K),EXISTS,BEDFRAME,400-O002
HOK-2038 (A)(HF)(W) (Q),CELENE 2.0 (A)(F)-(Q),EXISTS,BEDFRAME,400-O002
HOK-2038 (A)(HF)(W) (S),CELENE 2.0 (A)(F)-(S),EXISTS,BEDFRAME,400-O002
HOK-2038 (A)(HF)(W) (SK),CELENE 2.0 (A)(F)-(SK),EXISTS,BEDFRAME,400-O002
HOK-2038 (A)(HF)(W) (SP),CELENE 2.0 (A)(F)-(SP),EXISTS,BEDFRAME,400-O002
HOK-2038 (A)(HF)(W) (SS),CELENE 2.0 (A)(F)-(SS),EXISTS,BEDFRAME,400-O002
HOK-2041 (A) (HF)(W) (K),ELEGANT 2.0 (A)(F)-(K),NEW,BEDFRAME,400-O002
HOK-2041 (A) (HF)(W) (Q),ELEGANT 2.0 (A)(F)-(Q),NEW,BEDFRAME,400-O002
HOK-2041 (A) (HF)(W) (S),ELEGANT 2.0 (A)(F)-(S),NEW,BEDFRAME,400-O002
HOK-2041 (A) (HF)(W) (SK),ELEGANT 2.0 (A)(F)-(SK),NEW,BEDFRAME,400-O002
HOK-2041 (A) (HF)(W) (SP),ELEGANT 2.0 (A)(F)-(SP),NEW,BEDFRAME,400-O002
HOK-2041 (A) (HF)(W) (SS),ELEGANT 2.0 (A)(F)-(SS),NEW,BEDFRAME,400-O002
HOK-2041 (A) (K),ELEGANT (A)-(K),EXISTS,BEDFRAME,400-O002
HOK-2041 (A) (Q),ELEGANT (A)-(Q),EXISTS,BEDFRAME,400-O002
HOK-2041 (A) (S),ELEGANT (A)-(S),EXISTS,BEDFRAME,400-O002
HOK-2041 (A) (SK),ELEGANT (A)-(SK),EXISTS,BEDFRAME,400-O002
HOK-2041 (A) (SP),ELEGANT (A)-(SP),EXISTS,BEDFRAME,400-O002
HOK-2041 (A) (SS),ELEGANT (A)-(SS),EXISTS,BEDFRAME,400-O002
HOK-2049 (K),FENRIR ADJUSTABLE BED (S+S)-(K),NEW,BEDFRAME,400-O002
HOK-DIVAN ONLY (K),DIVAN ONLY-(K),EXISTS,BEDFRAME,400-O002
HOK-DIVAN ONLY (Q),DIVAN ONLY-(Q),EXISTS,BEDFRAME,400-O002
HOK-DIVAN ONLY (S),DIVAN ONLY-(S),EXISTS,BEDFRAME,400-O002
HOK-DIVAN ONLY (SK),DIVAN ONLY-(SK),EXISTS,BEDFRAME,400-O002
HOK-DIVAN ONLY (SP),DIVAN ONLY-(SP),EXISTS,BEDFRAME,400-O002
HOK-HEADBOARD ONLY (K),HEADBOARD ONLY-(K),EXISTS,BEDFRAME,400-O002
HOK-HEADBOARD ONLY (Q),HEADBOARD ONLY-(Q),EXISTS,BEDFRAME,400-O002
HOK-HEADBOARD ONLY (S),HEADBOARD ONLY-(S),EXISTS,BEDFRAME,400-O002
HOK-HEADBOARD ONLY (SS),HEADBOARD ONLY-(SS),EXISTS,BEDFRAME,400-O002
NB- DIVAN ONLY (SS),DIVAN ONLY-(SS),EXISTS,BEDFRAME,400-N002
NB-DIVAN ONLY,DIVAN ONLY,NEW,BEDFRAME,400-N002
NB-DIVAN ONLY (K),DIVAN ONLY-(K),EXISTS,BEDFRAME,400-N002
NB-DIVAN ONLY (Q),DIVAN ONLY-(Q),EXISTS,BEDFRAME,400-N002
NB-DIVAN ONLY (S),DIVAN ONLY-(S),EXISTS,BEDFRAME,400-N002
NB-DIVAN ONLY (SK),DIVAN ONLY-(SK),EXISTS,BEDFRAME,400-N002
NB-DIVAN ONLY (SP),DIVAN ONLY-(SP),EXISTS,BEDFRAME,400-N002
NB-DOUBLE DACKER(DDB002),DOUBLE DACKER-(S),NEW,BEDFRAME,400-N002
NB-HEADBOARD ONLY (SS),HEADBOARD ONLY-(SS),EXISTS,BEDFRAME,400-N002
NB-KHA01(K),EIGMA-(K),EXISTS,BEDFRAME,400-N002
NB-KHA01(Q),EIGMA-(Q),EXISTS,BEDFRAME,400-N002
NB-KHA01(S),EIGMA-(S),EXISTS,BEDFRAME,400-N002
NB-KHA01(SS),EIGMA (AA)-(SS),NEW,BEDFRAME,400-N002
NB-KHA07(K),AUTSPRING-(K),EXISTS,BEDFRAME,400-N002
NB-KHA07(Q),AUTSPRING-(Q),EXISTS,BEDFRAME,400-N002
NB-KHA07(S),AUTSPRING-(S),EXISTS,BEDFRAME,400-N002
NB-KHA07(SS),AUTSPRING-(SS),EXISTS,BEDFRAME,400-N002
NB-KHB 02 (K),ZEN-(K),EXISTS,BEDFRAME,400-N002
NB-KHB 02 (Q),ZEN-(Q),EXISTS,BEDFRAME,400-N002
NB-KHB 02 (S),ZEN-(S),EXISTS,BEDFRAME,400-N002
NB-KHB 02 (SS),ZEN-(SS),EXISTS,BEDFRAME,400-N002
NB-KHB(C)-00 (K),KHB(C)-00-(K),EXISTS,BEDFRAME,400-N002
NB-KHB(C)-00 (Q),KHB(C)-00-(Q),EXISTS,BEDFRAME,400-N002
NB-KHB(C)-00 (S),KHB(C)-00-(S),EXISTS,BEDFRAME,400-N002
NB-KHB(C)-00 (SS),KHB(C)-00-(SS),EXISTS,BEDFRAME,400-N002
NB-KHC07 (K),OLDTOWN-(K),EXISTS,BEDFRAME,400-N002
NB-KHC07 (Q),OLDTOWN-(Q),EXISTS,BEDFRAME,400-N002
NB-KHC08 (K),BEARBRICK-(K),EXISTS,BEDFRAME,400-N002
NB-KHC08 (Q),BEARBRICK-(Q),EXISTS,BEDFRAME,400-N002
NB-KHJ01 (SK),FLAT-(SK),EXISTS,BEDFRAME,400-N002
NB-KHJ01 (SP),FLAT-(SP),EXISTS,BEDFRAME,400-N002
NB-KHJ01(K),FLAT-(K),EXISTS,BEDFRAME,400-N002
NB-KHJ01(Q),FLAT-(Q),EXISTS,BEDFRAME,400-N002
NB-KHJ01(S),FLAT-(S),EXISTS,BEDFRAME,400-N002
NB-KHJ01(SS),FLAT-(SS),EXISTS,BEDFRAME,400-N002
NB-KHJ02 (SK),CASUAL-(SK),EXISTS,BEDFRAME,400-N002
NB-KHJ02 (SP),CASUAL-(SP),EXISTS,BEDFRAME,400-N002
NB-KHJ02(K),CASUAL-(K),EXISTS,BEDFRAME,400-N002
NB-KHJ02(Q),CASUAL-(Q),EXISTS,BEDFRAME,400-N002
NB-KHJ02(S),CASUAL-(S),EXISTS,BEDFRAME,400-N002
NB-KHJ02(SS),CASUAL-(SS),EXISTS,BEDFRAME,400-N002
NB-KHJ05 (SK),STAR-(SK),EXISTS,BEDFRAME,400-N002
NB-KHJ05 (SP),STAR-(SP),EXISTS,BEDFRAME,400-N002
NB-KHJ05(K),STAR-(K),EXISTS,BEDFRAME,400-N002
NB-KHJ05(Q),STAR-(Q),EXISTS,BEDFRAME,400-N002
NB-KHJ05(S),STAR-(S),EXISTS,BEDFRAME,400-N002
NB-KHJ05(SS),STAR-(SS),EXISTS,BEDFRAME,400-N002
NB-KHJ06 (SK),SIMPLE-(SK),EXISTS,BEDFRAME,400-N002
NB-KHJ06 (SP),SIMPLE-(SP),EXISTS,BEDFRAME,400-N002
NB-KHJ06(K),SIMPLE-(K),EXISTS,BEDFRAME,400-N002
NB-KHJ06(Q),SIMPLE-(Q),EXISTS,BEDFRAME,400-N002
NB-KHJ06(S),SIMPLE-(S),EXISTS,BEDFRAME,400-N002
NB-KHJ06(SS),SIMPLE-(SS),EXISTS,BEDFRAME,400-N002
NB-KHJ19 (K),KHJ19(A)-(K),EXISTS,BEDFRAME,400-N002
NB-KHJ19 (Q),KHJ19(A)-(Q),EXISTS,BEDFRAME,400-N002
NB-KHJ19 (S),KHJ19(A)-(S),EXISTS,BEDFRAME,400-N002
NB-KHJ19 (SK),KHJ19(A)-(SK),EXISTS,BEDFRAME,400-N002
NB-KHJ19 (SP),KHJ19(A)-(SP),EXISTS,BEDFRAME,400-N002
NB-KHJ19 (SS),KHJ19(A)-(SS),EXISTS,BEDFRAME,400-N002
NB-KHJ21 (SK),VICTORIA-(SK),EXISTS,BEDFRAME,400-N002
NB-KHJ21 (SP),VICTORIA-(SP),EXISTS,BEDFRAME,400-N002
NB-KHJ21(K),VICTORIA-(K),EXISTS,BEDFRAME,400-N002
NB-KHJ21(Q),VICTORIA-(Q),EXISTS,BEDFRAME,400-N002
NB-KHJ21(S),VICTORIA-(S),EXISTS,BEDFRAME,400-N002
NB-KHJ21(SS),VICTORIA-(SS),EXISTS,BEDFRAME,400-N002
NB-KHJ33 (SP),ELEGANT (A)-(SP),EXISTS,BEDFRAME,400-N002
NB-KHJ33(K),ELEGANT (A)-(K),EXISTS,BEDFRAME,400-N002
NB-KHJ33(Q),ELEGANT (A)-(Q),EXISTS,BEDFRAME,400-N002
NB-KHJ33(S),ELEGANT (A)-(S),EXISTS,BEDFRAME,400-N002
NB-KHJ33(SK),ELEGANT (A)-(SK),EXISTS,BEDFRAME,400-N002
NB-KHJ33(SS),ELEGANT (A)-(SS),EXISTS,BEDFRAME,400-N002
NB-KHJ35 (K),FENRIR-(K),EXISTS,BEDFRAME,400-N002
NB-KHJ35 (Q),FENRIR-(Q),EXISTS,BEDFRAME,400-N002
NB-KHJ35 (S),FENRIR-(S),EXISTS,BEDFRAME,400-N002
NB-KHJ35 (SK),FENRIR-(SK),EXISTS,BEDFRAME,400-N002
NB-KHJ35 (SP),FENRIR-(SP),EXISTS,BEDFRAME,400-N002
NB-KHJ35 (SS),FENRIR-(SS),EXISTS,BEDFRAME,400-N002
NB-KHJ38 (A)(F) (K),CELENE 2.0 (A)(F)-(K),EXISTS,BEDFRAME,400-N002
NB-KHJ38 (A)(F) (Q),CELENE 2.0 (A)(F)-(Q),EXISTS,BEDFRAME,400-N002
NB-KHJ38 (A)(F) (S),CELENE 2.0 (A)(F)-(S),EXISTS,BEDFRAME,400-N002
NB-KHJ38 (A)(F) (SK),CELENE 2.0 (A)(F)-(SK),EXISTS,BEDFRAME,400-N002
NB-KHJ38 (A)(F) (SP),CELENE 2.0 (A)(F)-(SP),EXISTS,BEDFRAME,400-N002
NB-KHJ38 (A)(F) (SS),CELENE 2.0 (A)(F)-(SS),EXISTS,BEDFRAME,400-N002
NB-KHJ38 (SK),CELENE (A)-(SK),EXISTS,BEDFRAME,400-N002
NB-KHJ38 (SP),CELENE (A)-(SP),EXISTS,BEDFRAME,400-N002
NB-KHJ38(K),CELENE (A)-(K),EXISTS,BEDFRAME,400-N002
NB-KHJ38(Q),CELENE (A)-(Q),EXISTS,BEDFRAME,400-N002
NB-KHJ38(S),CELENE (A)-(S),EXISTS,BEDFRAME,400-N002
NB-KHJ38(SS),CELENE (A)-(SS),EXISTS,BEDFRAME,400-N002
NB-KHJ50 (A)(F) (K),HILTON 2.0 (A)(F)-(K),EXISTS,BEDFRAME,400-N002
NB-KHJ50 (A)(F) (Q),HILTON 2.0 (A)(F)-(Q),EXISTS,BEDFRAME,400-N002
NB-KHJ50 (A)(F) (S),HILTON 2.0 (A)(F)-(S),EXISTS,BEDFRAME,400-N002
NB-KHJ50 (A)(F) (SK),HILTON 2.0 (A)(F)-(SK),EXISTS,BEDFRAME,400-N002
NB-KHJ50 (A)(F) (SP),HILTON 2.0 (A)(F)-(SP),EXISTS,BEDFRAME,400-N002
NB-KHJ50 (A)(F) (SS),HILTON 2.0 (A)(F)-(SS),EXISTS,BEDFRAME,400-N002
NB-KHJ50 (SK),HILTON (A)-(SK),EXISTS,BEDFRAME,400-N002
NB-KHJ50 (SP),HILTON (A)-(SP),EXISTS,BEDFRAME,400-N002
NB-KHJ50(K),HILTON (A)-(K),EXISTS,BEDFRAME,400-N002
NB-KHJ50(Q),HILTON (A)-(Q),EXISTS,BEDFRAME,400-N002
NB-KHJ50(S),HILTON (A)-(S),EXISTS,BEDFRAME,400-N002
NB-KHJ50(SS),HILTON (A)-(SS),EXISTS,BEDFRAME,400-N002
NB-KHJ57 (F) (K),CODY 2.0 (F)-(K),EXISTS,BEDFRAME,400-N002
NB-KHJ57 (F) (Q),CODY 2.0 (F)-(Q),EXISTS,BEDFRAME,400-N002
NB-KHJ57 (F) (S),CODY 2.0 (F)-(S),EXISTS,BEDFRAME,400-N002
NB-KHJ57 (F) (SK),CODY 2.0 (F)-(SK),EXISTS,BEDFRAME,400-N002
NB-KHJ57 (F) (SP),CODY 2.0 (F)-(SP),EXISTS,BEDFRAME,400-N002
NB-KHJ57 (F) (SS),CODY 2.0 (F)-(SS),EXISTS,BEDFRAME,400-N002
NB-KHJ57 (SK),CODY-(SK),EXISTS,BEDFRAME,400-N002
NB-KHJ57 (SP),CODY-(SP),EXISTS,BEDFRAME,400-N002
NB-KHJ57(K),CODY-(K),EXISTS,BEDFRAME,400-N002
NB-KHJ57(Q),CODY-(Q),EXISTS,BEDFRAME,400-N002
NB-KHJ57(S),CODY-(S),EXISTS,BEDFRAME,400-N002
NB-KHJ57(SS),CODY-(SS),EXISTS,BEDFRAME,400-N002
NB-KHL(C)-00(K),KHL(C)-00-(K),NEW,BEDFRAME,400-N002
NB-KHL(C)-00(Q),KHL(C)-00-(Q),NEW,BEDFRAME,400-N002
NB-KHL(C)-00(S),KHL(C)-00-(S),NEW,BEDFRAME,400-N002
NB-KHL(C)-00(SS),KHL(C)-00-(SS),NEW,BEDFRAME,400-N002
NB-LSD013 (K),JAGER-(K),EXISTS,BEDFRAME,400-N002
NB-LSD013 (Q),JAGER-(Q),EXISTS,BEDFRAME,400-N002
NB-LSD013 (S),JAGER-(S),EXISTS,BEDFRAME,400-N002
NB-LSD013 (SK),JAGER-(SK),EXISTS,BEDFRAME,400-N002
NB-LSD013 (SP),JAGER-(SP),EXISTS,BEDFRAME,400-N002
NB-LSD013 (SS),JAGER-(SS),EXISTS,BEDFRAME,400-N002
NB-NBG 06 DEMO,CROWN DEMO,EXISTS,BEDFRAME,400-N002
NB-NBG01 (SK),CHESTER-(SK),EXISTS,BEDFRAME,400-N002
NB-NBG01 (SP),CHESTER-(SP),EXISTS,BEDFRAME,400-N002
NB-NBG01(S),CHESTER (SS+S)-(S),NEW,BEDFRAME,400-N002
NB-NBG01(SS+S),CHESTER (R)(SS+S),EXISTS,BEDFRAME,400-N002
NB-NBG02 (SK),MORGANT-(SK),EXISTS,BEDFRAME,400-N002
NB-NBG02 (SP),MORGANT-(SP),EXISTS,BEDFRAME,400-N002
NB-NBG02(SS),MORGANT-(SS),EXISTS,BEDFRAME,400-N002
NB-NBG02(SS+S),MORGANT (L)(SS+S),EXISTS,BEDFRAME,400-N002
NB-NBG04 (SK),LUCAS-(SK),EXISTS,BEDFRAME,400-N002
NB-NBG04 (SP),LUCAS-(SP),EXISTS,BEDFRAME,400-N002
NB-NBG04(SS+S),LUCAS (L)(SS+S),EXISTS,BEDFRAME,400-N002
NB-NBG06 (SK),CROWN-(SK),EXISTS,BEDFRAME,400-N002
NB-NBG06 (SP),CROWN-(SP),EXISTS,BEDFRAME,400-N002
NB-NBG06(K),CROWN-(K),EXISTS,BEDFRAME,400-N002
NB-NBG06(Q),CROWN-(Q),EXISTS,BEDFRAME,400-N002
NB-NBG06(S),CROWN-(S),EXISTS,BEDFRAME,400-N002
NB-NBG06(SS),CROWN-(SS),EXISTS,BEDFRAME,400-N002
NB-NBG06(SS+S),CROWN (SS+S),EXISTS,BEDFRAME,400-N002
NB-NBG09(S),TRIPLET-(S),EXISTS,BEDFRAME,400-N002
NB-NH 28 (CUSTOMISE),LEAVING (CUSTOMISE)-(SP),NEW,BEDFRAME,400-N002
NB-NH112 (F) (K),JACOB 2.0 (F)-(K),EXISTS,BEDFRAME,400-N002
NB-NH112 (F) (Q),JACOB 2.0 (F)-(Q),EXISTS,BEDFRAME,400-N002
NB-NH112 (F) (S),JACOB 2.0 (F)-(S),EXISTS,BEDFRAME,400-N002
NB-NH112 (F) (SK),JACOB 2.0 (F)-(SK),EXISTS,BEDFRAME,400-N002
NB-NH112 (F) (SP),JACOB 2.0 (F)-(SP),EXISTS,BEDFRAME,400-N002
NB-NH112 (F) (SS),JACOB 2.0 (F)-(SS),EXISTS,BEDFRAME,400-N002
NB-NH125 (KD) (K),FLUFY-(K),EXISTS,BEDFRAME,400-N002
NB-NH125 (KD) (Q),FLUFY-(Q),EXISTS,BEDFRAME,400-N002
NB-NH125 (KD) (S),FLUFY-(S),EXISTS,BEDFRAME,400-N002
NB-NH125 (KD) (SK),FLUFY-(SK),EXISTS,BEDFRAME,400-N002
NB-NH125 (KD) (SP),FLUFY-(SP),EXISTS,BEDFRAME,400-N002
NB-NH125 (KD) (SS),FLUFY-(SS),EXISTS,BEDFRAME,400-N002
NB-NH23 (K),MACRO (A)-(K),EXISTS,BEDFRAME,400-N002
NB-NH23 (Q),MACRO (A)-(Q),EXISTS,BEDFRAME,400-N002
NB-NH23 (S),MACRO (A)-(S),EXISTS,BEDFRAME,400-N002
NB-NH23 (SK),MACRO (A)-(SK),EXISTS,BEDFRAME,400-N002
NB-NH23 (SP),MACRO (A)-(SP),EXISTS,BEDFRAME,400-N002
NB-NH23 (SS),MACRO (A)-(SS),EXISTS,BEDFRAME,400-N002
NB-NH25(A) (SK),SUMO (A)-(SK),EXISTS,BEDFRAME,400-N002
NB-NH25(A) (SP),SUMO (A)-(SP),EXISTS,BEDFRAME,400-N002
NB-NH25(A)(K),SUMO (A)-(K),EXISTS,BEDFRAME,400-N002
NB-NH25(A)(Q),SUMO (A)-(Q),EXISTS,BEDFRAME,400-N002
NB-NH25(A)(S),SUMO (A)-(S),EXISTS,BEDFRAME,400-N002
NB-NH25(A)(SS),SUMO (A)-(SS),EXISTS,BEDFRAME,400-N002
NB-NH27 (K),MASCO (A)-(K),EXISTS,BEDFRAME,400-N002
NB-NH27 (Q),MASCO (A)-(Q),EXISTS,BEDFRAME,400-N002
NB-NH27 (S),MASCO (A)-(S),EXISTS,BEDFRAME,400-N002
NB-NH27 (SS),MASCO (A)-(SS),EXISTS,BEDFRAME,400-N002
NB-NH27(A) (SK),MASCO (A)-(SK),EXISTS,BEDFRAME,400-N002
NB-NH27(A) (SP),MASCO (A)-(SP),EXISTS,BEDFRAME,400-N002
NB-NH34 (K),BREETLE-(K),EXISTS,BEDFRAME,400-N002
NB-NH34 (Q),BREETLE-(Q),EXISTS,BEDFRAME,400-N002
NB-NH34 (SK),BREETLE-(SK),EXISTS,BEDFRAME,400-N002
NB-NH34 (SP),BREETLE-(SP),EXISTS,BEDFRAME,400-N002
NB-NH36 (K),REGAL (A)-(K),EXISTS,BEDFRAME,400-N002
NB-NH36 (Q),REGAL (A)-(Q),EXISTS,BEDFRAME,400-N002
NB-NH36(A) (SK),REGAL (A)-(SK),EXISTS,BEDFRAME,400-N002
NB-NH36(A) (SP),REGAL (A)-(SP),EXISTS,BEDFRAME,400-N002
NB-NH36(S),REGAL (A)-(S),EXISTS,BEDFRAME,400-N002
NB-NH36(SS),REGAL (A)-(SS),EXISTS,BEDFRAME,400-N002
NB-NH39(A) (SP),TRION (A)-(SP),EXISTS,BEDFRAME,400-N002
NB-NH39(A)(K),TRION (A)-(K),EXISTS,BEDFRAME,400-N002
NB-NH39(A)(Q),TRION (A)-(Q),EXISTS,BEDFRAME,400-N002
NB-NH39(A)(S),TRION (A)-(S),EXISTS,BEDFRAME,400-N002
NB-NH39(A)(SK),TRION (A)-(SK),EXISTS,BEDFRAME,400-N002
NB-NH39(A)(SS),TRION (A)-(SS),EXISTS,BEDFRAME,400-N002
NB-NH41 (K),MONDEO-(K),EXISTS,BEDFRAME,400-N002
NB-NH41 (Q),MONDEO-(Q),EXISTS,BEDFRAME,400-N002
NB-NH41 (S),MONDEO-(S),EXISTS,BEDFRAME,400-N002
NB-NH41 (SK),MONDEO-(SK),EXISTS,BEDFRAME,400-N002
NB-NH41 (SP),MONDEO-(SP),EXISTS,BEDFRAME,400-N002
NB-NH41 (SS),MONDEO-(SS),EXISTS,BEDFRAME,400-N002
NB-NH44 (K),LEOMAG (A)-(K),EXISTS,BEDFRAME,400-N002
NB-NH44 (Q),LEOMAG (A)-(Q),EXISTS,BEDFRAME,400-N002
NB-NH44 (S),LEOMAG (A)-(S),EXISTS,BEDFRAME,400-N002
NB-NH44 (SS),LEOMAG (A)-(SS),EXISTS,BEDFRAME,400-N002
NB-NH44(A) (SK),LEOMAG (A)-(SK),EXISTS,BEDFRAME,400-N002
NB-NH44(A) (SP),LEOMAG (A)-(SP),EXISTS,BEDFRAME,400-N002
NB-NH61 (SK),KINGDOM-(SK),EXISTS,BEDFRAME,400-N002
NB-NH61 (SP),KINGDOM-(SP),EXISTS,BEDFRAME,400-N002
NB-NH61(K),KINGDOM-(K),EXISTS,BEDFRAME,400-N002
NB-NH61(Q),KINGDOM-(Q),EXISTS,BEDFRAME,400-N002
NB-NH63 (K),DAISON (A)-(K),EXISTS,BEDFRAME,400-N002
NB-NH63 (Q),DAISON (A)-(Q),EXISTS,BEDFRAME,400-N002
NB-NH63 (S),DAISON (A)-(S),EXISTS,BEDFRAME,400-N002
NB-NH63 (SS),DAISON (A)-(SS),EXISTS,BEDFRAME,400-N002
NB-NH63(A) (SK),DAISON (A)-(SK),EXISTS,BEDFRAME,400-N002
NB-NH63(A) (SP),DAISON (A)-(SP),EXISTS,BEDFRAME,400-N002
NB-NH66(A) (SK),HIPSTER (A)-(SK),EXISTS,BEDFRAME,400-N002
NB-NH66(A) (SP),HIPSTER (A)-(SP),EXISTS,BEDFRAME,400-N002
NB-NH66(A)(K),HIPSTER (A)-(K),EXISTS,BEDFRAME,400-N002
NB-NH66(A)(Q),HIPSTER (A)-(Q),EXISTS,BEDFRAME,400-N002
NB-NH72(A) (SK),ESSENCE (A)-(SK),EXISTS,BEDFRAME,400-N002
NB-NH72(A) (SP),ESSENCE (A)-(SP),EXISTS,BEDFRAME,400-N002
NB-NH72(A)(K),ESSENCE (A)-(K),EXISTS,BEDFRAME,400-N002
NB-NH72(A)(Q),ESSENCE (A)-(Q),EXISTS,BEDFRAME,400-N002
NB-NH79(A) (K),GOYO (A)-(K),EXISTS,BEDFRAME,400-N002
NB-NH79(A) (Q),GOYO (A)-(Q),EXISTS,BEDFRAME,400-N002
NB-NH79(A) (SK),GOYO (A)-(SK),EXISTS,BEDFRAME,400-N002
NB-NH79(A) (SP),GOYO (A)-(SP),EXISTS,BEDFRAME,400-N002
NB-NH79(A) (SS),GOYO (A)-(SS),EXISTS,BEDFRAME,400-N002
NB-NH85(A) (K),CANVAS (A)-(K),EXISTS,BEDFRAME,400-N002
NB-NH85(A) (Q),CANVAS (A)-(Q),EXISTS,BEDFRAME,400-N002
NB-NH85(A) (S),CANVAS (A)-(S),EXISTS,BEDFRAME,400-N002
NB-NH85(A) (SK),CANVAS (A)-(SK),EXISTS,BEDFRAME,400-N002
NB-NH85(A) (SP),CANVAS (A)-(SP),EXISTS,BEDFRAME,400-N002
NB-NH85(A) (SS),CANVAS (A)-(SS),EXISTS,BEDFRAME,400-N002
NB-NH86 (K),ELEPAHNE-(K),EXISTS,BEDFRAME,400-N002
NB-NH86 (Q),ELEPAHNE-(Q),EXISTS,BEDFRAME,400-N002
NB-NH86 (S),ELEPAHNE-(S),EXISTS,BEDFRAME,400-N002
NB-NH86 (SK),ELEPAHNE-(SK),EXISTS,BEDFRAME,400-N002
NB-NH86 (SP),ELEPAHNE-(SP),EXISTS,BEDFRAME,400-N002
NB-NH86 (SS),ELEPAHNE-(SS),EXISTS,BEDFRAME,400-N002
NK-1003 (K),RICARDO-(K),EXISTS,BEDFRAME,400-N001
NK-1003 (Q),RICARDO-(Q),EXISTS,BEDFRAME,400-N001
NK-1003 (S),RICARDO-(S),EXISTS,BEDFRAME,400-N001
NK-1003 (SK),RICARDO-(SK),EXISTS,BEDFRAME,400-N001
NK-1003 (SP),RICARDO-(SP),EXISTS,BEDFRAME,400-N001
NK-1003 (SS),RICARDO-(SS),EXISTS,BEDFRAME,400-N001
NK-1005 (K),HIBANA-(K),EXISTS,BEDFRAME,400-N001
NK-1005 (Q),HIBANA-(Q),EXISTS,BEDFRAME,400-N001
NK-1005 (S),HIBANA-(S),EXISTS,BEDFRAME,400-N001
NK-1005 (SK),HIBANA-(SK),EXISTS,BEDFRAME,400-N001
NK-1005 (SP),HIBANA-(SP),EXISTS,BEDFRAME,400-N001
NK-1005 (SS),HIBANA-(SS),EXISTS,BEDFRAME,400-N001
NK-1007 (K),GRANDE-(K),EXISTS,BEDFRAME,400-N001
NK-1007 (Q),GRANDE-(Q),EXISTS,BEDFRAME,400-N001
NK-1007 (S),GRANDE-(S),EXISTS,BEDFRAME,400-N001
NK-1007 (SK),GRANDE-(SK),EXISTS,BEDFRAME,400-N001
NK-1007 (SP),GRANDE-(SP),EXISTS,BEDFRAME,400-N001
NK-1007 (SS),GRANDE-(SS),EXISTS,BEDFRAME,400-N001
NK-1008 (K),MOZZIE-(K),EXISTS,BEDFRAME,400-N001
NK-1008 (Q),MOZZIE-(Q),EXISTS,BEDFRAME,400-N001
NK-1008 (S),MOZZIE-(S),EXISTS,BEDFRAME,400-N001
NK-1008 (SK),MOZZIE-(SK),EXISTS,BEDFRAME,400-N001
NK-1008 (SP),MOZZIE-(SP),EXISTS,BEDFRAME,400-N001
NK-1008 (SS),MOZZIE-(SS),EXISTS,BEDFRAME,400-N001
NK-1009 (K),FINKA-(K),EXISTS,BEDFRAME,400-N001
NK-1009 (Q),FINKA-(Q),EXISTS,BEDFRAME,400-N001
NK-1009 (S),FINKA-(S),EXISTS,BEDFRAME,400-N001
NK-1009 (SK),FINKA-(SK),EXISTS,BEDFRAME,400-N001
NK-1009 (SP),FINKA-(SP),EXISTS,BEDFRAME,400-N001
NK-1009 (SS),FINKA-(SS),EXISTS,BEDFRAME,400-N001
NK-1010 (K),VICTORIAS-(K),EXISTS,BEDFRAME,400-N001
NK-1010 (Q),VICTORIAS-(Q),EXISTS,BEDFRAME,400-N001
NK-1010 (S),VICTORIAS-(S),EXISTS,BEDFRAME,400-N001
NK-1010 (SK),VICTORIAS-(SK),EXISTS,BEDFRAME,400-N001
NK-1010 (SP),VICTORIAS-(SP),EXISTS,BEDFRAME,400-N001
NK-1010 (SS),VICTORIAS-(SS),EXISTS,BEDFRAME,400-N001
NK-1011 (K),ZOFIA-(K),EXISTS,BEDFRAME,400-N001
NK-1011 (Q),ZOFIA-(Q),EXISTS,BEDFRAME,400-N001
NK-1011 (S),ZOFIA-(S),EXISTS,BEDFRAME,400-N001
NK-1011 (SK),ZOFIA-(SK),EXISTS,BEDFRAME,400-N001
NK-1011 (SP),ZOFIA-(SP),EXISTS,BEDFRAME,400-N001
NK-1011 (SS),ZOFIA-(SS),EXISTS,BEDFRAME,400-N001
NK-1013 (K),MAVERICK-(K),EXISTS,BEDFRAME,400-N001
NK-1013 (Q),MAVERICK-(Q),EXISTS,BEDFRAME,400-N001
NK-1013 (S),MAVERICK-(S),EXISTS,BEDFRAME,400-N001
NK-1013 (SK),MAVERICK-(SK),EXISTS,BEDFRAME,400-N001
NK-1013 (SP),MAVERICK-(SP),EXISTS,BEDFRAME,400-N001
NK-1013 (SS),MAVERICK-(SS),EXISTS,BEDFRAME,400-N001
NK-1016 (K),FLORES-(K),EXISTS,BEDFRAME,400-N001
NK-1016 (Q),FLORES-(Q),EXISTS,BEDFRAME,400-N001
NK-1016 (SK),FLORES-(SK),EXISTS,BEDFRAME,400-N001
NK-1016 (SP),FLORES-(SP),EXISTS,BEDFRAME,400-N001
NK-1016 (SS),FLORES-(SS),EXISTS,BEDFRAME,400-N001
NK-1016(S),FLORES-(S),EXISTS,BEDFRAME,400-N001
NK-1025 (K),1025-(K),EXISTS,BEDFRAME,400-N001
NK-1025 (Q),1025-(Q),EXISTS,BEDFRAME,400-N001
NK-1025 (S),1025-(S),EXISTS,BEDFRAME,400-N001
NK-1025 (SK),1025-(SK),EXISTS,BEDFRAME,400-N001
NK-1025 (SP),1025-(SP),EXISTS,BEDFRAME,400-N001
NK-1025 (SS),1025-(SS),EXISTS,BEDFRAME,400-N001
NK-1026 (K),ARTI-(K),EXISTS,BEDFRAME,400-N001
NK-1026 (Q),ARTI-(Q),EXISTS,BEDFRAME,400-N001
NK-1026 (SK),ARTI-(SK),EXISTS,BEDFRAME,400-N001
NK-1026 (SP),ARTI-(SP),EXISTS,BEDFRAME,400-N001
NK-1026(S),ARTI-(S),EXISTS,BEDFRAME,400-N001
NK-1026(SS),ARTI-(SS),EXISTS,BEDFRAME,400-N001
NK-1030 (K),JORDAN-(K),EXISTS,BEDFRAME,400-N001
NK-1030 (Q),JORDAN-(Q),EXISTS,BEDFRAME,400-N001
NK-1030 (S),JORDAN-(S),EXISTS,BEDFRAME,400-N001
NK-1030 (SK),JORDAN-(SK),EXISTS,BEDFRAME,400-N001
NK-1030 (SP),JORDAN-(SP),EXISTS,BEDFRAME,400-N001
NK-1030 (SS),JORDAN-(SS),EXISTS,BEDFRAME,400-N001
NK-1038 (K),CODYS-(K),EXISTS,BEDFRAME,400-N001
NK-1038 (Q),CODYS-(Q),EXISTS,BEDFRAME,400-N001
NK-1038 (S),CODYS-(S),EXISTS,BEDFRAME,400-N001
NK-1038 (SK),CODYS-(SK),EXISTS,BEDFRAME,400-N001
NK-1038 (SP),CODYS-(SP),EXISTS,BEDFRAME,400-N001
NK-1038 (SS),CODYS-(SS),EXISTS,BEDFRAME,400-N001
NK-1044 (K),MARVIS-(K),EXISTS,BEDFRAME,400-N001
NK-1044 (Q),MARVIS-(Q),EXISTS,BEDFRAME,400-N001
NK-1044 (S),MARVIS-(S),EXISTS,BEDFRAME,400-N001
NK-1044 (SK),MARVIS-(SK),EXISTS,BEDFRAME,400-N001
NK-1044 (SP),MARVIS-(SP),EXISTS,BEDFRAME,400-N001
NK-1044 (SS),MARVIS-(SS),EXISTS,BEDFRAME,400-N001
NK-1045 (K),VALKYRIE-(K),EXISTS,BEDFRAME,400-N001
NK-1045 (Q),VALKYRIE-(Q),EXISTS,BEDFRAME,400-N001
NK-1045 (S),VALKYRIE-(S),EXISTS,BEDFRAME,400-N001
NK-1045 (SK),VALKYRIE-(SK),EXISTS,BEDFRAME,400-N001
NK-1045 (SP),VALKYRIE-(SP),EXISTS,BEDFRAME,400-N001
NK-1045 (SS),VALKYRIE-(SS),EXISTS,BEDFRAME,400-N001
NK-1046 (K),MINI-(K),EXISTS,BEDFRAME,400-N001
NK-1046 (Q),MINI-(Q),EXISTS,BEDFRAME,400-N001
NK-1046 (S),MINI-(S),EXISTS,BEDFRAME,400-N001
NK-1046 (SK),MINI-(SK),EXISTS,BEDFRAME,400-N001
NK-1046 (SP),MINI-(SP),EXISTS,BEDFRAME,400-N001
NK-1046 (SS),MINI-(SS),EXISTS,BEDFRAME,400-N001
NK-1058 (K),ARUNI-(K),EXISTS,BEDFRAME,400-N001
NK-1058 (Q),ARUNI-(Q),EXISTS,BEDFRAME,400-N001
NK-1058 (S),ARUNI-(S),EXISTS,BEDFRAME,400-N001
NK-1058 (SK),ARUNI-(SK),EXISTS,BEDFRAME,400-N001
NK-1058 (SP),ARUNI-(SP),EXISTS,BEDFRAME,400-N001
NK-1058 (SS),ARUNI-(SS),EXISTS,BEDFRAME,400-N001
NK-1075B (K),FENRIRS-(K),EXISTS,BEDFRAME,400-N001
NK-1075B (Q),FENRIRS-(Q),EXISTS,BEDFRAME,400-N001
NK-1075B (S),FENRIRS-(S),EXISTS,BEDFRAME,400-N001
NK-1075B (SK),FENRIRS-(SK),EXISTS,BEDFRAME,400-N001
NK-1075B (SP),FENRIRS-(SP),EXISTS,BEDFRAME,400-N001
NK-1075B (SS),FENRIRS-(SS),EXISTS,BEDFRAME,400-N001
NK-1084 (K),ELEGANT-(K),EXISTS,BEDFRAME,400-N001
NK-1084 (Q),ELEGANT-(Q),EXISTS,BEDFRAME,400-N001
NK-1084 (SK),ELEGANT-(SK),EXISTS,BEDFRAME,400-N001
NK-1084 (SP),ELEGANT-(SP),EXISTS,BEDFRAME,400-N001
NK-DIVAN ONLY,DIVAN ONLY,NEW,BEDFRAME,400-N001
NK-DIVAN ONLY (K),DIVAN ONLY-(K),EXISTS,BEDFRAME,400-N001
NK-DIVAN ONLY (Q),DIVAN ONLY-(Q),EXISTS,BEDFRAME,400-N001
NK-DIVAN ONLY (SK),DIVAN ONLY-(SK),EXISTS,BEDFRAME,400-N001
NK-DIVAN ONLY (SP),DIVAN ONLY-(SP),EXISTS,BEDFRAME,400-N001
NK-SPECIAL SET,730 5' DV TONG,EXISTS,BEDFRAME,400-N001
STEEL BEDFRAME (Q),STEEL-(Q),EXISTS,BEDFRAME,
AK-AF AM CL GRY 4KFIT,AF AM CL GRY 4KFIT,NEW,BEDLINES,400-D002
AK-AF AM CL GRY 4QFIT,AF AM CL GRY 4QFIT,NEW,BEDLINES,400-D002
AK-AF LE CK BLU 4KFIT,AF LE CK BLU 4KFIT,NEW,BEDLINES,400-D002
AK-AF LE CK BLU 4QFIT,AF LE CK BLU 4QFIT,NEW,BEDLINES,400-D002
AK-AF LE CR MINI 4KFIT,AF LE CR MINI 4KFIT,NEW,BEDLINES,400-D002
AK-AF LE CR MINI 4QFIT,AF LE CR MINI 4QFIT,NEW,BEDLINES,400-D002
AK-AF RM CBS BRW 4KFIT,AF RM CBS BRW 4KFIT,NEW,BEDLINES,400-D002
AK-AF RM CBS BRW 4QFIT,AF RM CBS BRW 4QFIT,NEW,BEDLINES,400-D002
AK-AF RM LQ KHK 3SSFIT,AF RM LQ KHK 3SSFIT,NEW,BEDLINES,400-D002
AK-AF RM LQ KHK 4KFIT,AF RM LQ KHK 4KFIT,NEW,BEDLINES,400-D002
AK-AF RM LQ KHK 4QFIT,AF RM LQ KHK 4QFIT,NEW,BEDLINES,400-D002
AK-AF RM LQ KHK 5KQLT,AF RM LQ KHK 5KQLT,NEW,BEDLINES,400-D002
AK-AF RM LQ KHK 5QQLT,AF RM LQ KHK 5QQLT,NEW,BEDLINES,400-D002
AK-AF RM MIL BLU 4KFIT,AF RM MIL BLU 4KFIT,NEW,BEDLINES,400-D002
AK-AF RM MIL BLU 4QFIT,AF RM MIL BLU 4QFIT,NEW,BEDLINES,400-D002
AK-AF RM PE PNK 3SSFIT,AF RM PE PNK 3SSFIT,NEW,BEDLINES,400-D002
AK-AF RM PE PNK 4KFIT,AF RM PE PNK 4KFIT,NEW,BEDLINES,400-D002
AK-AF RM PE PNK 4QFIT,AF RM PE PNK 4QFIT,NEW,BEDLINES,400-D002
AK-AF RM PL CRM 3SSFIT,AF RM PL CRM 3SSFIT,NEW,BEDLINES,400-D002
AK-AF RM PL CRM 4KFIT,AF RM PL CRM 4KFIT,NEW,BEDLINES,400-D002
AK-AF RM PL CRM 4QFIT,AF RM PL CRM 4QFIT,NEW,BEDLINES,400-D002
AK-AF RM PL CRM 5KQLT,AF RM PL CRM 5KQLT,NEW,BEDLINES,400-D002
AK-AF RM PL CRM 5QQLT,AF RM PL CRM 5QQLT,NEW,BEDLINES,400-D002
AK-AF RM RN BLU 3SSFIT,AF RM RN BLU 3SSFIT,NEW,BEDLINES,400-D002
AK-AF RM RN BLU 4KFIT,AF RM RN BLU 4KFIT,NEW,BEDLINES,400-D002
AK-AF RM RN BLU 4QFIT,AF RM RN BLU 4QFIT,NEW,BEDLINES,400-D002
AK-AF RM RN BLU 5KQLT,AF RM RN BLU 5KQLT,NEW,BEDLINES,400-D002
AK-AF RM RN BLU 5QQLT,AF RM RN BLU 5QQLT,NEW,BEDLINES,400-D002
AK-AF RM VI PUP 4KFIT,AF RM VI PUP 4KFIT,NEW,BEDLINES,400-D002
AK-AF RM VI PUP 4QFIT,AF RM VI PUP 4QFIT,NEW,BEDLINES,400-D002
AK-HM CL BRW 4SSQLT,HM CL BRW 4SSQLT,NEW,BEDLINES,400-D002
AK-HM CL BRW 5KQLT,HM CL BRW 5KQLT,NEW,BEDLINES,400-D002
AK-HM CL BRW 5QQLT,HM CL BRW 5QQLT,NEW,BEDLINES,400-D002
AK-HM FR APC 5KQLT,HM FR APC 5KQLT,NEW,BEDLINES,400-D002
AK-HM FR APC 5QQLT,HM FR APC 5QQLT,NEW,BEDLINES,400-D002
AK-HM HD GRN 4SSQLT,HM HD GRN 4SSQLT,NEW,BEDLINES,400-D002
AK-HM HD GRN 5KQLT,HM HD GRN 5KQLT,NEW,BEDLINES,400-D002
AK-HM HD GRN 5QQLT,HM HD GRN 5QQLT,NEW,BEDLINES,400-D002
AK-HM IN GRY 4SSQLT,HM IN GRY 4SSQLT,NEW,BEDLINES,400-D002
AK-HM IN GRY 5KQLT,HM IN GRY 5KQLT,NEW,BEDLINES,400-D002
AK-HM IN GRY 5QQLT,HM IN GRY 5QQLT,NEW,BEDLINES,400-D002
AK-HM RY YLW 4SSQLT,HM RY YLW 4SSQLT,NEW,BEDLINES,400-D002
AK-HM RY YLW 5KQLT,HM RY YLW 5KQLT,NEW,BEDLINES,400-D002
AK-HM RY YLW 5QQLT,HM RY YLW 5QQLT,NEW,BEDLINES,400-D002
AK-HM TF BGE 5KQLT,HM TF BGE 5KQLT,NEW,BEDLINES,400-D002
AK-HM TF BGE 5QQLT,HM TF BGE 5QQLT,NEW,BEDLINES,400-D002
AK-HP LL AQU 4KFIT,HP LL AQU 4KFIT,NEW,BEDLINES,400-D002
AK-HP LL AQU 4QFIT,HP LL AQU 4QFIT,NEW,BEDLINES,400-D002
AK-HP LL AQU CFT (K),HP LL AQU CFT (K),NEW,BEDLINES,400-D002
AK-HP LL AQU CFT (SS),HP LL AQU CFT (SS),NEW,BEDLINES,400-D002
AK-HP LL BRR 3SSFIT,HP LL BRR 3SSFIT,NEW,BEDLINES,400-D002
AK-HP LL BRR 4KFIT,HP LL BRR 4KFIT,NEW,BEDLINES,400-D002
AK-HP LL BRR 4QFIT,HP LL BRR 4QFIT,NEW,BEDLINES,400-D002
AK-HP LL BRR CFT (K),HP LL BRR CFT (K),NEW,BEDLINES,400-D002
AK-HP LL BRR CFT (Q),HP LL BRR CFT (Q),NEW,BEDLINES,400-D002
AK-HP LL BRR CFT (SS),HP LL BRR CFT (SS),NEW,BEDLINES,400-D002
AK-HP LL WIN 3SSFIT,HP LL WIN 3SSFIT,NEW,BEDLINES,400-D002
AK-HP LL WIN 4KFIT,HP LL WIN 4KFIT,NEW,BEDLINES,400-D002
AK-HP LL WIN 4QFIT,HP LL WIN 4QFIT,NEW,BEDLINES,400-D002
AK-HP LL WIN CFT (K),HP LL WIN CFT (K),NEW,BEDLINES,400-D002
AK-HP LL WIN CFT (Q),HP LL WIN CFT (Q),NEW,BEDLINES,400-D002
AK-HP LL WIN CFT (SS),HP LL WIN CFT (SS),NEW,BEDLINES,400-D002
AK-HP MM VR EM GRN 3SSFIT,HP MM VR EM GRN 3SSFIT,NEW,BEDLINES,400-D002
AK-HP MM VR EM GRN 4KFIT,HP MM VR EM GRN 4KFIT,NEW,BEDLINES,400-D002
AK-HP MM VR EM GRN 4QFIT,HP MM VR EM GRN 4QFIT,NEW,BEDLINES,400-D002
AK-HP MM VR EM GRN CFT (K),HP MM VR EM GRN CFT (K),NEW,BEDLINES,400-D002
AK-HP MM VR EM GRN CFT (Q),HP MM VR EM GRN CFT (Q),NEW,BEDLINES,400-D002
AK-HP MM VR EM GRN CFT (SS),HP MM VR EM GRN CFT (SS),NEW,BEDLINES,400-D002
AK-HP MM VR TR NAV 3SSFIT,HP MM VR TR NAV 3SSFIT,NEW,BEDLINES,400-D002
AK-HP MM VR TR NAV 4KFIT,HP MM VR TR NAV 4KFIT,NEW,BEDLINES,400-D002
AK-HP MM VR TR NAV 4QFIT,HP MM VR TR NAV 4QFIT,NEW,BEDLINES,400-D002
AK-HP MM VR TR NAV CFT (K),HP MM VR TR NAV CFT (K),NEW,BEDLINES,400-D002
AK-HP MM VR TR NAV CFT (Q),HP MM VR TR NAV CFT (Q),NEW,BEDLINES,400-D002
AK-HP MM VR TR NAV CFT (SS),HP MM VR TR NAV CFT (SS),NEW,BEDLINES,400-D002
AK-SL ES LF MIC WHT QLT (K),SL ES LF MIC WHT QLT (K),NEW,BEDLINES,400-D002
AK-SL ES LF MIC WHT QLT (Q),SL ES LF MIC WHT QLT (Q),NEW,BEDLINES,400-D002
AK-SL ES LF MIC WHT QLT (SS),SL ES LF MIC WHT QLT (SS),NEW,BEDLINES,400-D002
AK-VI OD 4KFIT,VI OD 4KFIT,NEW,BEDLINES,400-D002
AK-VI OD 4QFIT,VI OD 4QFIT,NEW,BEDLINES,400-D002
AK-VI OD 5KQLT,VI OD 5KQLT,NEW,BEDLINES,400-D002
AK-VI OD 5QQLT,VI OD 5QQLT,NEW,BEDLINES,400-D002
AK-VI RT 4KFIT,VI RT 4KFIT,NEW,BEDLINES,400-D002
AK-VI RT 4QFIT,VI RT 4QFIT,NEW,BEDLINES,400-D002
AK-VI RT 5KQLT,VI RT 5KQLT,NEW,BEDLINES,400-D002
AK-VI RT 5QQLT,VI RT 5QQLT,NEW,BEDLINES,400-D002
CP-ELEGANCERUG 300x400 8694,ELEGANCERUG 300x400 8694,NEW,CARPET,
CP-SILKTOUCHRUG 200x200 LT BG,SILKTOUCHRUG 200x200 LT BG,NEW,CARPET,
AK  ARO - BE HP BD LT PSTV ENR,ARO - BE HP BD LT PSTV ENR,NEW,DIFFUSER,400-D002
AK  ARO - BE HP BD WASH PSTV E,ARO - BE HP BD WASH PSTV E,NEW,DIFFUSER,400-D002
AK  ARO - BE HP CDL MD LIFT,ARO - BE HP CDL MD LIFT,NEW,DIFFUSER,400-D002
AK  ARO - BE HP CDL PSTV ENRG,ARO - BE HP CDL PSTV ENRG,NEW,DIFFUSER,400-D002
AK  ARO - BE HP CDL PURE JOY,ARO - BE HP CDL PURE JOY,NEW,DIFFUSER,400-D002
AK  ARO - BE HP HD CRM MD LIFT,ARO - BE HP HD CRM MD LIFT,NEW,DIFFUSER,400-D002
AK  ARO - BE HP HD CRM PSTV EN,ARO - BE HP HD CRM PSTV EN,NEW,DIFFUSER,400-D002
AK  ARO - BE HP RD DFSR MD LIF,ARO - BE HP RD DFSR MD LIF,NEW,DIFFUSER,400-D002
AK  ARO - BE HP RD DFSR PSTV E,ARO - BE HP RD DFSR PSTV E,NEW,DIFFUSER,400-D002
AK  ARO - BE HP RD DFSR PURE J,ARO - BE HP RD DFSR PURE J,NEW,DIFFUSER,400-D002
AK  ARO - BE HP RM SPRY MD LIF,ARO - BE HP RM SPRY MD LIF,NEW,DIFFUSER,400-D002
AK  ARO - BE HP RM SPRY PSTV E,ARO - BE HP RM SPRY PSTV E,NEW,DIFFUSER,400-D002
AK  ARO - BE HP RM SPRY PURE J,ARO - BE HP RM SPRY PURE J,NEW,DIFFUSER,400-D002
AK  ARO - DE-STR BD LT RESTORE,ARO - DE-STR BD LT RESTORE,NEW,DIFFUSER,400-D002
AK  ARO - DE-STR BD WASH RESTO,ARO - DE-STR BD WASH RESTO,NEW,DIFFUSER,400-D002
AK  ARO - DE-STR CDL CALM,ARO - DE-STR CDL CALM,NEW,DIFFUSER,400-D002
AK  ARO - DE-STR CDL MEDITATE,ARO - DE-STR CDL MEDITATE,NEW,DIFFUSER,400-D002
AK  ARO - DE-STR CDL RESTORE,ARO - DE-STR CDL RESTORE,NEW,DIFFUSER,400-D002
AK  ARO - DE-STR HD CRM MEDITA,ARO - DE-STR HD CRM MEDITA,NEW,DIFFUSER,400-D002
AK  ARO - DE-STR HD CRM RESTOR,ARO - DE-STR HD CRM RESTOR,NEW,DIFFUSER,400-D002
AK  ARO - DE-STR RD DFSR CALM,ARO - DE-STR RD DFSR CALM,NEW,DIFFUSER,400-D002
AK  ARO - DE-STR RD DFSR MEDIT,ARO - DE-STR RD DFSR MEDIT,NEW,DIFFUSER,400-D002
AK  ARO - DE-STR RD DFSR RESTO,ARO - DE-STR RD DFSR RESTO,NEW,DIFFUSER,400-D002
AK  ARO - DE-STR RM SPRY CALM,ARO - DE-STR RM SPRY CALM,NEW,DIFFUSER,400-D002
AK  ARO - DE-STR RM SPRY MEDIT,ARO - DE-STR RM SPRY MEDIT,NEW,DIFFUSER,400-D002
AK  ARO - DE-STR RM SPRY RESTO,ARO - DE-STR RM SPRY RESTO,NEW,DIFFUSER,400-D002
AK  ARO - SLP BTT BD LT DEEP R,ARO - SLP BTT BD LT DEEP R,NEW,DIFFUSER,400-D002
AK  ARO - SLP BTT BD WASH DEEP,ARO - SLP BTT BD WASH DEEP,NEW,DIFFUSER,400-D002
AK  ARO - SLP BTT CDL DRM CCHR,ARO - SLP BTT CDL DRM CCHR,NEW,DIFFUSER,400-D002
AK  ARO - SLP BTT CDL WIND DOW,ARO - SLP BTT CDL WIND DOW,NEW,DIFFUSER,400-D002
AK  ARO - SLP BTT HD CRM DEEP,ARO - SLP BTT HD CRM DEEP,NEW,DIFFUSER,400-D002
AK  ARO - SLP BTT HD CRM DRM C,ARO - SLP BTT HD CRM DRM C,NEW,DIFFUSER,400-D002
AK  ARO - SLP BTT RD DFSR DRM,ARO - SLP BTT RD DFSR DRM,NEW,DIFFUSER,400-D002
AK  ARO - SLP BTT RD DFSR WIND,ARO - SLP BTT RD DFSR WIND,NEW,DIFFUSER,400-D002
AK  ARO - SLP BTT RM SPRY DRM,ARO - SLP BTT RM SPRY DRM,NEW,DIFFUSER,400-D002
AK  ARO - SLP BTT RM SPRY WIND,ARO - SLP BTT RM SPRY WIND,NEW,DIFFUSER,400-D002
AK-RD DIF EV lll LIN 24,RD DIF EV lll LIN 24,NEW,DIFFUSER,400-D002
AK-RD DIF EV lll LLV 24,RD DIF EV lll LLV 24,NEW,DIFFUSER,400-D002
AK-RD DIF EV lll WHT 24,RD DIF EV lll WHT 24,NEW,DIFFUSER,400-D002
AN-DINING CHAIR,AN-DINING CHAIR,NEW,DINING,400-A003
AN-DINING LEG,AN-DINING LEG,NEW,DINING,400-A003
AN-TABLE TOP,AN-TABLE TOP,NEW,DINING,400-A003
CH-DC,CH-DC,NEW,DINING,
CH-DL ROD,CH-DL ROD,NEW,DINING,
CH-DL RTG,CH-DL RTG,NEW,DINING,
CH-DR BASIN,CH-DR BASIN,NEW,DINING,
CH-DT ROD,CH-DT ROD,NEW,DINING,
CH-DT RTG,CH-DT RTG,NEW,DINING,
COFFEE TABLE,COFFEE TABLE,NEW,DINING,
DESIGN CHR,DESIGN CHR,NEW,DINING,
HL-BC-KOHANA 111,HL-BC-KOHANA 111,NEW,DINING,400-H002
HL-BC-KOHANA 111 (1.0M),HL-BC-KOHANA 111 (1.0M),NEW,DINING,400-H002
HL-BC-LOFTUS 102/112 (1.1M),HL-BC-LOFTUS 102/112 (1.1M),NEW,DINING,400-H002
HL-CT-DOVER 109/113,HL-CT-DOVER 109/113,NEW,DINING,400-H002
HL-CT-LAMAR 109,HL-CT-LAMAR 109,NEW,DINING,400-H002
HL-CT-LOFTUS 102/112,HL-CT-LOFTUS 102/112,NEW,DINING,400-H002
HL-CT-LUDLOW 111,HL-CT-LUDLOW 111,NEW,DINING,400-H002
HL-DC BEVERLY 109/367,HL-DC BEVERLY 109/367,NEW,DINING,400-H002
HL-DC TACY 109/520,HL-DC TACY 109/520,NEW,DINING,400-H002
HL-DC-BEVERLY 109/520,HL-DC-BEVERLY 109/520,NEW,DINING,400-H002
HL-DC-HEATH 109/3720,HL-DC-HEATH 109/3720,NEW,DINING,400-H002
HL-DC-KAIRI 102/6184,HL-DC-KAIRI 102/6184,NEW,DINING,400-H002
HL-DC-LOTFI 109/113/6368,HL-DC-LOTFI 109/113/6368,NEW,DINING,400-H002
HL-DC-LOWEN 111,HL-DC-LOWEN 111,NEW,DINING,400-H002
HL-DC-LOWEN 111/3790,HL-DC-LOWEN 111/3790,NEW,DINING,400-H002
HL-DC-LOWEN 111/3791,HL-DC-LOWEN 111/3791,NEW,DINING,400-H002
HL-DC-REVA 102/3724,HL-DC-REVA 102/3724,NEW,DINING,400-H002
HL-DT KACEY 102 (900X1500),HL-DT KACEY 102 (900X1500),NEW,DINING,400-H002
HL-DT-GERALD 114/109 (900X1800,HL-DT-GERALD 114/109 (900X1800),NEW,DINING,400-H002
HL-DT-KIVA 111 (900X1800),HL-DT-KIVA 111 (900X1800),NEW,DINING,400-H002
HL-DT-LOFTUS 102/112 (800X1500,HL-DT-LOFTUS 102/112 (800X1500),NEW,DINING,400-H002
HL-DT-LOFTUS 102/112 (900X1800,HL-DT-LOFTUS 102/112 (900X1800),NEW,DINING,400-H002
HL-DT-LONY 111 (750X1200 ),HL-DT-LONY 111 (750X1200 ),NEW,DINING,400-H002
HL-DT-OKARA 113 (DIA1200),HL-DT-OKARA 113 (DIA1200),NEW,DINING,400-H002
HL-FT ROUND-TRIS 109/113,HL-FT ROUND-TRIS 109/113,NEW,DINING,400-H002
HL-FT SQ-LUDLOW 111,HL-FT SQ-LUDLOW 111,NEW,DINING,400-H002
HL-FT-DOVER 109/113,HL-FT-DOVER 109/113,NEW,DINING,400-H002
HL-FT-LAMAR 109,HL-FT-LAMAR 109,NEW,DINING,400-H002
HL-FT-LOFTUS 102/112,HL-FT-LOFTUS 102/112,NEW,DINING,400-H002
HL-FT-LUDLOW 111,HL-FT-LUDLOW 111,NEW,DINING,400-H002
HL-SB-DOVER 109/113 (1.8M),HL-SB-DOVER 109/113 (1.8M),NEW,DINING,400-H002
HL-SB-LOFTUS 102/112 (1.8M),HL-SB-LOFTUS 102/112 (1.8M),NEW,DINING,400-H002
HL-ST-DOVER  109/113,HL-ST-DOVER  109/113,NEW,DINING,400-H002
HL-ST-LUDLOW 111,HL-ST-LUDLOW 111,NEW,DINING,400-H002
HL-WK-DOVER 109/113,HL-WK-DOVER 109/113,NEW,DINING,400-H002
HL-WK-LOFTUS 102/112,HL-WK-LOFTUS 102/112,NEW,DINING,400-H002
HL-WK-LUDLOW 111,HL-WK-LUDLOW 111,NEW,DINING,400-H002
MAJ-DINING CHAIR,MAJ-DINING CHAIR,NEW,DINING,405-M004
MAJ-DINING LEG,MAJ-DINING LEG,NEW,DINING,405-M004
MAJ-TABLE TOP,MAJ-TABLE TOP,NEW,DINING,405-M004
MN-DINING CHAIR,MN-DINING CHAIR,NEW,DINING,400-M002
MN-TABLE,MN-TABLE,NEW,DINING,400-M002
SIDE TBL,SIDE TBL,NEW,DINING,
TV CABINET,TV CABINET,NEW,DINING,
AK-APEX MATT (SP),AKEMI APEX MATT (SP),EXISTS,MATTRESS,400-D002
AK-ARISTOI MATT (SP),AKEMI ARISTOI MATT (SP),EXISTS,MATTRESS,400-D002
AK-ARMOUR MATT (SK),AKEMI ARMOUR MATT (SK),EXISTS,MATTRESS,400-D002
AK-ARMOUR MATT (SP),AKEMI ARMOUR MATT (SP),EXISTS,MATTRESS,400-D002
AK-BASTION MATT (SK),AKEMI BASTION MATT (SK),EXISTS,MATTRESS,400-D002
AK-BASTION MATT (SP),AKEMI BASTION MATT (SP),EXISTS,MATTRESS,400-D002
AK-BULWARK MATT (SP),AKEMI BULWARK MATT (SP),EXISTS,MATTRESS,400-D002
AK-COCOON MATT (SP),AKEMI COCOON MATT (SP),EXISTS,MATTRESS,400-D002
AK-COMFORT H+C MATT (S),HAPPI SLEEP COMFORT H+CUBE MATT (S),NEW,MATTRESS,400-D002
AK-COMFORT HB MATT (K),HAPPI SLEEP COMFORT H BASE MATT (K),NEW,MATTRESS,400-D002
AK-COMFORT HB MATT (Q),HAPPI SLEEP COMFORT H BASE MATT (Q),NEW,MATTRESS,400-D002
AK-COMFORT HB MATT (S),HAPPI SLEEP COMFORT H BASE MATT (S),NEW,MATTRESS,400-D002
AK-COMFORT HB MATT (SS),HAPPI SLEEP COMFORT H BASE MATT (SS),NEW,MATTRESS,400-D002
AK-ELEVATION MATT (SK),AKEMI ELEVATION MATT (SK),EXISTS,MATTRESS,400-D002
AK-EMINENT MATT (SK),AKEMI EMINENT MATT (SK),EXISTS,MATTRESS,400-D002
AK-EMINENT MATT (SP),AKEMI EMINENT MATT (SP),EXISTS,MATTRESS,400-D002
AK-EQUINOX MATT (SK),AKEMI EQUINOX MATT (SK),EXISTS,MATTRESS,400-D002
AK-EQUINOX MATT (SP),AKEMI EQUINOX MATT (SP),EXISTS,MATTRESS,400-D002
AK-EXALTED MATT (SK),AKEMI EXALTED MATT (SK),EXISTS,MATTRESS,400-D002
AK-EXALTED MATT (SP),AKEMI EXALTED MATT (SP),EXISTS,MATTRESS,400-D002
AK-FORTRESS MATT (SK),AKEMI FORTRESS MATT (SK),EXISTS,MATTRESS,400-D002
AK-GUARDIAN MATT (SK),AKEMI GUARDIAN MATT (SK),EXISTS,MATTRESS,400-D002
AK-GUARDIAN MATT (SP),AKEMI GUARDIAN MATT (SP),EXISTS,MATTRESS,400-D002
AK-HS SOLACE (K),HAPPI SLEEP SOLACE MATT (K),NEW,MATTRESS,400-D002
AK-HS SOLACE (Q),HAPPI SLEEP SOLACE MATT (Q),NEW,MATTRESS,400-D002
AK-HS SOLACE (S),HAPPI SLEEP SOLACE MATT (S),NEW,MATTRESS,400-D002
AK-HS SOLACE (SK),HAPPI SLEEP SOLACE MATT (SK),NEW,MATTRESS,400-D002
AK-HS SOLACE (SP),HAPPI SLEEP SOLACE MATT (SP),NEW,MATTRESS,400-D002
AK-HS SOLACE (SS),HAPPI SLEEP SOLACE MATT (SS),NEW,MATTRESS,400-D002
AK-IMMORTAL MATT (SP),AKEMI IMMORTAL MATT (SP),EXISTS,MATTRESS,400-D002
AK-LAVISH MATT (SP),AKEMI LAVISH MATT (SP),EXISTS,MATTRESS,400-D002
AK-MONARCH MATT (SK),AKEMI MONARCH MATT (SK),EXISTS,MATTRESS,400-D002
AK-MONARCH MATT (SP),AKEMI MONARCH MATT (SP),EXISTS,MATTRESS,400-D002
AK-NOBILITY MATT (SK),AKEMI NOBILITY MATT (SK),EXISTS,MATTRESS,400-D002
AK-NOBILITY MATT (SP),AKEMI NOBILITY MATT (SP),EXISTS,MATTRESS,400-D002
AK-OASIS MATT (SP),AKEMI OASIS MATT (SP),EXISTS,MATTRESS,400-D002
AK-OMNIA MATT (SP),AKEMI OMNIA MATT (SP),EXISTS,MATTRESS,400-D002
AK-PANTHEON MATT (SK),AKEMI PANTHEON MATT (SK),EXISTS,MATTRESS,400-D002
AK-PINNACLE MATT (SP),AKEMI PINNACLE MATT (SP),EXISTS,MATTRESS,400-D002
AK-PRIME COOL MATT (Q),HAPPI SLEEP PRIME COOL MATT (Q),NEW,MATTRESS,400-D002
AK-PRIME COOL MATT (S),HAPPI SLEEP PRIME COOL MATT (S),NEW,MATTRESS,400-D002
AK-SANCTUM MATT (SP),AKEMI SANCTUM MATT (SP),EXISTS,MATTRESS,400-D002
AK-SOLITUDE MATT (Q),HAPPI SLEEP SOLITUDE MATT (Q),NEW,MATTRESS,400-D002
AK-SOLITUDE MATT (S),HAPPI SLEEP SOLITUDE MATT (S),NEW,MATTRESS,400-D002
AK-SOLITUDE MATT (SK),HAPPI SLEEP SOLITUDE MATT (SK),NEW,MATTRESS,400-D002
AK-SOLITUDE MATT (SP),HAPPI SLEEP SOLITUDE MATT (SP),NEW,MATTRESS,400-D002
AK-TRANQUIL MATT (SP),AKEMI TRANQUIL MATT (SP),EXISTS,MATTRESS,400-D002
AK-ULTIMATE MATT (SP),AKEMI ULTIMATE MATT (SP),EXISTS,MATTRESS,400-D002
AK-ZEN COOL MATT (Q),HAPPI SLEEP ZEN COOL MATT (Q),NEW,MATTRESS,400-D002
AK-ZEN COOL MATT (S),HAPPI SLEEP ZEN COOL MATT (S),NEW,MATTRESS,400-D002
AK-ZENITHAL MATT (SK),AKEMI ZENITHAL MATT (SK),EXISTS,MATTRESS,400-D002
CH-ELEC ADJT BED (S),ELECTRIC ADJUSTABLE BED MATT (S),NEW,MATTRESS,400-C005
CR-B1201F MATT (K),B1201F MATT (K),EXISTS,MATTRESS,400-N004
CR-B1201F MATT (Q),B1201F MATT (Q),EXISTS,MATTRESS,400-N004
CR-B1201F MATT (S),B1201F MATT (S),EXISTS,MATTRESS,400-N004
CR-B1201F MATT (SK),B1201F MATT (SK),EXISTS,MATTRESS,400-N004
CR-B1201F MATT (SP),B1201F MATT (SP),EXISTS,MATTRESS,400-N004
CR-B1201F MATT (SS),B1201F MATT (SS),EXISTS,MATTRESS,400-N004
CR-B1201S MATT (K),B1201S MATT (K),EXISTS,MATTRESS,400-N004
CR-B1201S MATT (Q),B1201S MATT (Q),EXISTS,MATTRESS,400-N004
CR-B1201S MATT (S),B1201S MATT (S),EXISTS,MATTRESS,400-N004
CR-B1201S MATT (SK),B1201S MATT (SK),EXISTS,MATTRESS,400-N004
CR-B1201S MATT (SS),B1201S MATT (SS),EXISTS,MATTRESS,400-N004
CR-E1601 MATT (K),E1601 MATT (K),EXISTS,MATTRESS,400-N004
CR-E1601 MATT (Q),E1601 MATT (Q),EXISTS,MATTRESS,400-N004
CR-H1401F MATT (K),H1401F MATT (K),EXISTS,MATTRESS,400-N004
CR-H1401F MATT (Q),H1401F MATT (Q),EXISTS,MATTRESS,400-N004
CR-H1401F MATT (S),H1401F MATT (S),EXISTS,MATTRESS,400-N004
CR-H1401F MATT (SK),H1401F MATT (SK),EXISTS,MATTRESS,400-N004
CR-H1401F MATT (SS),H1401F MATT (SS),EXISTS,MATTRESS,400-N004
CR-H1401S MATT (K),H1401S MATT (K),EXISTS,MATTRESS,400-N004
CR-H1401S MATT (Q),H1401S MATT (Q),EXISTS,MATTRESS,400-N004
CR-H1401S MATT (S),H1401S MATT (S),EXISTS,MATTRESS,400-N004
CR-H1401S MATT (SK),H1401S MATT (SK),EXISTS,MATTRESS,400-N004
CR-H1401S MATT (SS),H1401S MATT (SS),EXISTS,MATTRESS,400-N004
CR-L1201F MATT (K),L1201F MATT (K),EXISTS,MATTRESS,400-N004
CR-L1201F MATT (Q),L1201F MATT (Q),EXISTS,MATTRESS,400-N004
CR-L1201F MATT (S),L1201F MATT (S),EXISTS,MATTRESS,400-N004
CR-L1201F MATT (SK),L1201F MATT (SK),EXISTS,MATTRESS,400-N004
CR-L1201F MATT (SS),L1201F MATT (SS),EXISTS,MATTRESS,400-N004
CR-L1201S MATT (K),L1201S MATT (K),EXISTS,MATTRESS,400-N004
CR-L1201S MATT (Q),L1201S MATT (Q),EXISTS,MATTRESS,400-N004
CR-L1201S MATT (S),L1201S MATT (S),EXISTS,MATTRESS,400-N004
CR-L1201S MATT (SK),L1201S MATT (SK),EXISTS,MATTRESS,400-N004
CR-L1201S MATT (SS),L1201S MATT (SS),EXISTS,MATTRESS,400-N004
CR-M1401F MATT (K),M1401F MATT (K),EXISTS,MATTRESS,400-N004
CR-M1401F MATT (Q),M1401F MATT (Q),EXISTS,MATTRESS,400-N004
CR-M1401F MATT (S),M1401F MATT (S),EXISTS,MATTRESS,400-N004
CR-M1401F MATT (SK),M1401F MATT (SK),EXISTS,MATTRESS,400-N004
CR-M1401F MATT (SS),M1401F MATT (SS),EXISTS,MATTRESS,400-N004
CR-M1401S MATT (K),M1401S MATT (K),EXISTS,MATTRESS,400-N004
CR-M1401S MATT (Q),M1401S MATT (Q),EXISTS,MATTRESS,400-N004
CR-M1401S MATT (S),M1401S MATT (S),EXISTS,MATTRESS,400-N004
CR-M1401S MATT (SK),M1401S MATT (SK),EXISTS,MATTRESS,400-N004
CR-M1401S MATT (SS),M1401S MATT (SS),EXISTS,MATTRESS,400-N004
CR-N1001F MATT (K),N1001F MATT (K),EXISTS,MATTRESS,400-N004
CR-N1001F MATT (Q),N1001F MATT (Q),EXISTS,MATTRESS,400-N004
CR-N1001F MATT (S),N1001F MATT (S),EXISTS,MATTRESS,400-N004
CR-N1001S MATT (K),N1001S MATT (K),EXISTS,MATTRESS,400-N004
CR-N1001S MATT (Q),N1001S MATT (Q),EXISTS,MATTRESS,400-N004
CR-N1001S MATT (S),N1001S MATT (S),EXISTS,MATTRESS,400-N004
CR-S1601F MATT (K),S1601F MATT (K),EXISTS,MATTRESS,400-N004
CR-S1601F MATT (Q),S1601F MATT (Q),EXISTS,MATTRESS,400-N004
CR-S1601F MATT (S),S1601F MATT (S),EXISTS,MATTRESS,400-N004
CR-S1601F MATT (SK),S1601F MATT (SK),EXISTS,MATTRESS,400-N004
CR-S1601F MATT (SS),S1601F MATT (SS),EXISTS,MATTRESS,400-N004
CR-S1601S MATT (K),S1601S MATT (K),EXISTS,MATTRESS,400-N004
CR-S1601S MATT (Q),S1601S MATT (Q),EXISTS,MATTRESS,400-N004
CR-S1601S MATT (S),S1601S MATT (S),EXISTS,MATTRESS,400-N004
CR-S1601S MATT (SK),S1601S MATT (SK),EXISTS,MATTRESS,400-N004
CR-S1601S MATT (SP),S1601S MATT (SP),EXISTS,MATTRESS,400-N004
CR-S1601S MATT (SS),S1601S MATT (SS),EXISTS,MATTRESS,400-N004
DL-AMIRA DELUXE PLUS (K),DUNLOPILLO AMIRA DELUXE PLUS MATT (K),EXISTS,MATTRESS,400-D001
DL-AMIRA DELUXE PLUS (Q),DUNLOPILLO AMIRA DELUXE PLUS MATT (Q),EXISTS,MATTRESS,400-D001
DL-AMIRA DELUXE PLUS (S),DUNLOPILLO AMIRA DELUXE PLUS MATT (S),EXISTS,MATTRESS,400-D001
DL-AMIRA DELUXE PLUS (SS),DUNLOPILLO AMIRA DELUXE PLUS MATT (SS),EXISTS,MATTRESS,400-D001
DL-AMIRA PREMUIM (K),DUNLOPILLO AMIRA PREMIUM MATT (K),NEW,MATTRESS,400-D001
DL-AMIRA PREMUIM (Q),DUNLOPILLO AMIRA PREMIUM MATT (Q),NEW,MATTRESS,400-D001
DL-AMIRA PREMUIM (S),DUNLOPILLO AMIRA PREMIUM MATT (S),NEW,MATTRESS,400-D001
DL-AMIRA PREMUIM (SS),DUNLOPILLO AMIRA PREMIUM MATT (SS),NEW,MATTRESS,400-D001
DL-AQUA RELAXER 300 (SK),DUNLOPILLO OTHOREST AQUA SHIELD RELAXER 300 MATT (SK),NEW,MATTRESS,400-D001
DL-AQUA RELAXER 300(K),DUNLOPILLO OTHOREST AQUA SHIELD RELAXER 300 MATT (K),NEW,MATTRESS,400-D001
DL-AQUA RELAXER 300(Q),DUNLOPILLO OTHOREST AQUA SHIELD RELAXER 300 MATT (Q),NEW,MATTRESS,400-D001
DL-AQUA RELAXER 300(S),DUNLOPILLO OTHOREST AQUA SHIELD RELAXER 300 MATT (S),NEW,MATTRESS,400-D001
DL-AQUA RELAXER 300(SS),DUNLOPILLO OTHOREST AQUA SHIELD RELAXER 300 MATT (SS),NEW,MATTRESS,400-D001
DL-AQUA SENSATION 2.0  (K),DUNLOPILLO OTHOREST AQUA SHIELD SENSATION 2.0 MATT (K),NEW,MATTRESS,400-D001
DL-AQUA SUPPORTER 1 (K),DUNLOPILLO OTHOREST AQUA SHIELD SUPPORTER 1 MATT (K),NEW,MATTRESS,400-D001
DL-AQUA SUPPORTER 1 (Q),DUNLOPILLO OTHOREST AQUA SHIELD SUPPORTER 1 MATT (Q),NEW,MATTRESS,400-D001
DL-AQUA SUPPORTER 1 (S),DUNLOPILLO OTHOREST AQUA SHIELD SUPPORTER 1 MATT (S),NEW,MATTRESS,400-D001
DL-AQUA SUPPORTER 1 (SS),DUNLOPILLO OTHOREST AQUA SHIELD SUPPORTER 1 MATT (SS),NEW,MATTRESS,400-D001
DL-BACK SUPPORTER 100 (K),DUNLOPILLO OTHOREST BACK SUPPORTER 100 MATT (K),NEW,MATTRESS,400-D001
DL-BACK SUPPORTER 100 (Q),DUNLOPILLO OTHOREST BACK SUPPORTER 100 MATT (Q),NEW,MATTRESS,400-D001
DL-BACK SUPPORTER 100 (S),DUNLOPILLO OTHOREST BACK SUPPORTER 100 MATT (S),NEW,MATTRESS,400-D001
DL-BACK SUPPORTER 100 (SS),DUNLOPILLO OTHOREST BACK SUPPORTER 100 MATT (SS),NEW,MATTRESS,400-D001
DL-BIOKINETIC SUPPORTER 100(K),DUNLOPILLO OTHOREST BIOKINETIC SUPPORTER 100 MATT (K),NEW,MATTRESS,400-D001
DL-BIOKINETIC SUPPORTER 100(Q),DUNLOPILLO OTHOREST BIOKINETIC SUPPORTER 100 MATT (Q),NEW,MATTRESS,400-D001
DL-CLASSIC PEARL (K),DUNLOPILLO CLASSIC PEARL MATT (K),EXISTS,MATTRESS,400-D001
DL-CLASSIC PEARL (Q),DUNLOPILLO CLASSIC PEARL MATT (Q),EXISTS,MATTRESS,400-D001
DL-CLASSIC RUBY (K),DUNLOPILLO CLASSIC RUBY MATT (K),EXISTS,MATTRESS,400-D001
DL-CLASSIC RUBY (Q),DUNLOPILLO CLASSIC RUBY MATT (Q),EXISTS,MATTRESS,400-D001
DL-CLASSIC RUBY (SS),DUNLOPILLO CLASSIC RUBY MATT (SS),EXISTS,MATTRESS,400-D001
DL-CS2 ARCTIC DREAM (S),DUNLOPILLO COOLSILK 2.0 ARCTIC DREAM MATT (S),NEW,MATTRESS,400-D001
DL-CS2 ARCTIC DREAM (SS),DUNLOPILLO COOLSILK 2.0 ARCTIC DREAM MATT (SS),NEW,MATTRESS,400-D001
DL-CS2 COOL EXTRA FIRM (S),DUNLOPILLO CS2 COOL EXTRA FIRM MATT (S),EXISTS,MATTRESS,400-D001
DL-CS2 COOL FRESH (K),DUNLOPILLO CS2 COOL FRESH MATT (K),EXISTS,MATTRESS,400-D001
DL-CS2 COOL FRESH (Q),DUNLOPILLO CS2 COOL FRESH MATT (Q),EXISTS,MATTRESS,400-D001
DL-CS2 COOL FRESH (S),DUNLOPILLO CS2 COOL FRESH MATT (S),EXISTS,MATTRESS,400-D001
DL-CS2 COOL FRESH (SS),DUNLOPILLO CS2 COOL FRESH MATT (SS),EXISTS,MATTRESS,400-D001
DL-CS2 COOL LUXE (K),DUNLOPILLO COOLSILK 2.0 COOL LUXE MATT (K),NEW,MATTRESS,400-D001
DL-CS2 COOL LUXE (Q),DUNLOPILLO COOLSILK 2.0 COOL LUXE MATT (Q),NEW,MATTRESS,400-D001
DL-CS2 COOL LUXE (S),DUNLOPILLO COOLSILK 2.0 COOL LUXE MATT (S),NEW,MATTRESS,400-D001
DL-CS2 COOL LUXE (SS),DUNLOPILLO COOLSILK 2.0 COOL LUXE MATT (SS),NEW,MATTRESS,400-D001
DL-CS2 ELEGANCE SUITE (K),DUNLOPILLO COOLSILK 2.0 ELEGANCE SUITE MATT (K),NEW,MATTRESS,400-D001
DL-CS2 ELEGANCE SUITE (Q),DUNLOPILLO COOLSILK 2.0 ELEGANCE SUITE MATT (Q),NEW,MATTRESS,400-D001
DL-CS2 ELEGANCE SUITE (S),DUNLOPILLO COOLSILK 2.0 ELEGANCE SUITE MATT (S),NEW,MATTRESS,400-D001
DL-CS2 ELEGANCE SUITE (SK),DUNLOPILLO COOLSILK 2.0 ELEGANCE SUITE MATT (SK),NEW,MATTRESS,400-D001
DL-CS2 ELEGANCE SUITE (SP),DUNLOPILLO COOLSILK 2.0 ELEGANCE SUITE MATT (SP),NEW,MATTRESS,400-D001
DL-CS2 ELEGANCE SUITE (SS),DUNLOPILLO COOLSILK 2.0 ELEGANCE SUITE MATT (SS),NEW,MATTRESS,400-D001
DL-CS2 GLACIAL COMFORT (S),DUNLOPILLO CS2 GLACIAL COMFORT MATT (S),EXISTS,MATTRESS,400-D001
DL-CS2 HEAVENLY SLEEP (K),DUNLOPILLO COOLSILK 2.0 HEAVENLY SLEEP MATT (K),NEW,MATTRESS,400-D001
DL-CS2 HEAVENLY SLEEP (Q),DUNLOPILLO COOLSILK 2.0 HEAVENLY SLEEP MATT (Q),NEW,MATTRESS,400-D001
DL-CS2 HEAVENLY SLEEP (S),DUNLOPILLO COOLSILK 2.0 HEAVENLY SLEEP MATT (S),NEW,MATTRESS,400-D001
DL-CS2 HEAVENLY SLEEP (SS),DUNLOPILLO COOLSILK 2.0 HEAVENLY SLEEP MATT (SS),NEW,MATTRESS,400-D001
DL-CS2 HOLIDAY CHILL (K),DUNLOPILLO COOLSILK 2.0 HOLIDAY CHILL MATT (K),NEW,MATTRESS,400-D001
DL-CS2 HOLIDAY CHILL (Q),DUNLOPILLO COOLSILK 2.0 HOLIDAY CHILL MATT (Q),NEW,MATTRESS,400-D001
DL-CS2 HOLIDAY CHILL (S),DUNLOPILLO COOLSILK 2.0 HOLIDAY CHILL MATT (S),NEW,MATTRESS,400-D001
DL-CS2 HOLIDAY CHILL (SS),DUNLOPILLO COOLSILK 2.0 HOLIDAY CHILL MATT (SS),NEW,MATTRESS,400-D001
DL-CS2 NANO BREEZE (S),DUNLOPILLO COOLSILK 2.0 NANO BREEZE MATT (S),NEW,MATTRESS,400-D001
DL-CS2 NANO BREEZE (SS),DUNLOPILLO COOLSILK 2.0 NANO BREEZE MATT (SS),NEW,MATTRESS,400-D001
DL-CS2 NN-G T.CTNT (K),DUNLOPILLO COOLSILK 2.0 NANO-G THE CONTINENTAL MATT (K),NEW,MATTRESS,400-D001
DL-CS2 NN-G T.CTNT (SK),DUNLOPILLO COOLSILK 2.0 NANO-G THE CONTINENTAL MATT (SK),NEW,MATTRESS,400-D001
DL-CS2 NN-WINTER FLOW MATT(SK),DUNLOPILLO COOLSILK 2.0 NANO-G WINTER FLOW MATT (SK),NEW,MATTRESS,400-D001
DL-CS2 PARADISE DREAMS (K),DUNLOPILLO COOLSILK 2.0 PARADISE DREAMS MATT (K),NEW,MATTRESS,400-D001
DL-CS2 PARADISE DREAMS (Q),DUNLOPILLO COOLSILK 2.0 PARADISE DREAMS MATT (Q),NEW,MATTRESS,400-D001
DL-CS2 PARADISE DREAMS (S),DUNLOPILLO COOLSILK 2.0 PARADISE DREAMS MATT (S),NEW,MATTRESS,400-D001
DL-CS2 PARADISE DREAMS (SS),DUNLOPILLO COOLSILK 2.0 PARADISE DREAMS MATT (SS),NEW,MATTRESS,400-D001
DL-CS2 PERFECT DREAMS (K),DUNLOPILLO CS2 PERFECT DREAMS MATT (K),EXISTS,MATTRESS,400-D001
DL-CS2 PERFECT DREAMS (Q),DUNLOPILLO CS2 PERFECT DREAMS MATT (Q),EXISTS,MATTRESS,400-D001
DL-CS2 PERFECT DREAMS (S),DUNLOPILLO CS2 PERFECT DREAMS MATT (S),EXISTS,MATTRESS,400-D001
DL-CS2 PERFECT DREAMS (SS),DUNLOPILLO CS2 PERFECT DREAMS MATT (SS),EXISTS,MATTRESS,400-D001
DL-CS2 PURE BREEZE (K),DUNLOPILLO COOLSILK 2.0 PURE BREEZE MATT (K),NEW,MATTRESS,400-D001
DL-CS2 PURE BREEZE (Q),DUNLOPILLO COOLSILK 2.0 PURE BREEZE MATT (Q),NEW,MATTRESS,400-D001
DL-CS2 PURE BREEZE (S),DUNLOPILLO COOLSILK 2.0 PURE BREEZE MATT (S),NEW,MATTRESS,400-D001
DL-CS2 PURE BREEZE (SS),DUNLOPILLO COOLSILK 2.0 PURE BREEZE MATT (SS),NEW,MATTRESS,400-D001
DL-CS2 RITZ LUXURY (K),DUNLOPILLO COOLSILK 2.0 RITZ LUXURY MATT (K),NEW,MATTRESS,400-D001
DL-CS2 RITZ LUXURY (Q),DUNLOPILLO COOLSILK 2.0 RITZ LUXURY MATT (Q),NEW,MATTRESS,400-D001
DL-CS2 RITZ LUXURY (S),DUNLOPILLO COOLSILK 2.0 RITZ LUXURY MATT (S),NEW,MATTRESS,400-D001
DL-CS2 RITZ LUXURY (SS),DUNLOPILLO COOLSILK 2.0 RITZ LUXURY MATT (SS),NEW,MATTRESS,400-D001
DL-CS2 VISCO BLISS (K),DUNLOPILLO COOLSILK 2.0 VISCO BLISS MATT (K),NEW,MATTRESS,400-D001
DL-CS2 VISCO BLISS (Q),DUNLOPILLO COOLSILK 2.0 VISCO BLISS MATT (Q),NEW,MATTRESS,400-D001
DL-CS2 VISCO BLISS (S),DUNLOPILLO COOLSILK 2.0 VISCO BLISS MATT (S),NEW,MATTRESS,400-D001
DL-CS2 VISCO BLISS (SS),DUNLOPILLO COOLSILK 2.0 VISCO BLISS MATT (SS),NEW,MATTRESS,400-D001
DL-CS2 VISCO COMFORT (K),DUNLOPILLO COOLSILK 2.0 VISCO COMFORT MATT (K),NEW,MATTRESS,400-D001
DL-CS2 VISCO COMFORT (Q),DUNLOPILLO COOLSILK 2.0 VISCO COMFORT MATT (Q),NEW,MATTRESS,400-D001
DL-CS2 VISCO COMFORT (S),DUNLOPILLO COOLSILK 2.0 VISCO COMFORT MATT (S),NEW,MATTRESS,400-D001
DL-CS2 VISCO COMFORT (SS),DUNLOPILLO COOLSILK 2.0 VISCO COMFORT MATT (SS),NEW,MATTRESS,400-D001
DL-CS2 VISCO DREAM (K),DUNLOPILLO COOLSILK 2.0 VISCO DREAM MATT (K),NEW,MATTRESS,400-D001
DL-CS2 VISCO DREAM (Q),DUNLOPILLO COOLSILK 2.0 VISCO DREAM MATT (Q),NEW,MATTRESS,400-D001
DL-CS2 VISCO DREAM (S),DUNLOPILLO COOLSILK 2.0 VISCO DREAM MATT (S),NEW,MATTRESS,400-D001
DL-CS2 VISCO DREAM (SS),DUNLOPILLO COOLSILK 2.0 VISCO DREAM MATT (SS),NEW,MATTRESS,400-D001
DL-CS2 VISCO NIGHT (K),DUNLOPILLO COOLSILK 2.0 VISCO NIGHT MATT (K),NEW,MATTRESS,400-D001
DL-CS2 VISCO NIGHT (Q),DUNLOPILLO COOLSILK 2.0 VISCO NIGHT MATT (Q),NEW,MATTRESS,400-D001
DL-CS2 VISCO NIGHT (S),DUNLOPILLO COOLSILK 2.0 VISCO NIGHT MATT (S),NEW,MATTRESS,400-D001
DL-CS2 VISCO NIGHT (SS),DUNLOPILLO COOLSILK 2.0 VISCO NIGHT MATT (SS),NEW,MATTRESS,400-D001
DL-D.ESCAPADE(K),DUNLOPILLO DS ESCAPADE MATT MATT (K),NEW,MATTRESS,400-D001
DL-D.ESCAPADE(Q),DUNLOPILLO DS ESCAPADE MATT MATT (Q),NEW,MATTRESS,400-D001
DL-D.ESCAPADE(SS),DUNLOPILLO DS ESCAPADE MATT MATT (SS),NEW,MATTRESS,400-D001
DL-D.RELAXATION (K),DUNLOPILLO DS RELAXATION MATT MATT (K),NEW,MATTRESS,400-D001
DL-D.RELAXATION(Q),DUNLOPILLO DS RELAXATION MATT MATT (Q),NEW,MATTRESS,400-D001
DL-D.ULTIMATE SANTUARY (K),DUNLOPILLO DS ULTIMATE SANCTUARY MATT MATT (K),NEW,MATTRESS,400-D001
DL-D.ULTIMATE SANTUARY (Q),DUNLOPILLO DS ULTIMATE SANCTUARY MATT MATT (Q),NEW,MATTRESS,400-D001
DL-DEEP SLEEP (SP),DUNLOPILLO DEEP SLEEP MATT (SP),EXISTS,MATTRESS,400-D001
DL-DESTRESS LEISURE (K),DUNLOPILLO DESTRESS LEISURE MATT (K),EXISTS,MATTRESS,400-D001
DL-DESTRESS LEISURE (Q),DUNLOPILLO DESTRESS LEISURE MATT (Q),EXISTS,MATTRESS,400-D001
DL-DR SLEEP(K),DUNLOPILLO NB DR.SLEEP MATT (K),NEW,MATTRESS,400-D001
DL-DR SLEEP(Q),DUNLOPILLO NB DR.SLEEP MATT (Q),NEW,MATTRESS,400-D001
DL-DR SLEEP(SS),DUNLOPILLO DR SLEEP MATT (SS),EXISTS,MATTRESS,400-D001
DL-DUN CLS PALACE COMFORT (Q),DUNLOPILLO DUN CLASSIC PALACE COMFORT MATT (Q),NEW,MATTRESS,400-D001
DL-FIRMMEST LUXE 2.0 (K),DUNLOPILLO ROYALE FIRMMEST LUXE 2.0 MATT (K),NEW,MATTRESS,400-D001
DL-FIRMMEST LUXE 2.0 (Q),DUNLOPILLO ROYALE FIRMMEST LUXE 2.0 MATT (Q),NEW,MATTRESS,400-D001
DL-GENERASI (K),"DUNLOPILLO GENERASI 5"" MATT (K)",NEW,MATTRESS,400-D001
DL-GENERASI (S),"DUNLOPILLO GENERASI 5"" MATT (S)",NEW,MATTRESS,400-D001
DL-GENERASI (SS),"DUNLOPILLO GENERASI 5"" MATT (SS)",NEW,MATTRESS,400-D001
DL-GENERASI 3.0 20CM (K),DUNLOPILLO OTHOREST GENERASI 3.0 MATT (K),NEW,MATTRESS,400-D001
DL-GENERASI 3.0 20CM (Q),DUNLOPILLO OTHOREST GENERASI 3.0 MATT (Q),NEW,MATTRESS,400-D001
DL-GENERASI 3.0 20CM (S),DUNLOPILLO OTHOREST GENERASI 3.0 MATT (S),NEW,MATTRESS,400-D001
DL-GENERASI 3.0 20CM (SS),DUNLOPILLO OTHOREST GENERASI 3.0 MATT (SS),NEW,MATTRESS,400-D001
DL-GN + TCL FD MATT (S),DUNLOPILLO GENERASI PLUS TENCEL- 3 FOLD MATT MATT (S),NEW,MATTRESS,400-D001
DL-ORT RELAX BED LITE MATT(S),DUNLOPILLO OTHOREST RELAX BED LITE MATT (S),NEW,MATTRESS,400-D001
DL-ORT RELAX BED LITE MATT(SS),DUNLOPILLO OTHOREST RELAX BED LITE MATT (SS),NEW,MATTRESS,400-D001
DL-ORTHO RELAX SLEEP BED (S),DUNLOPILLO ORTHO RELAX SLEEP BED MATT (S),EXISTS,MATTRESS,400-D001
DL-OTR AQUA DREAM (K),DUNLOPILLO OTHOREST AQUA DREAM MATT (K),NEW,MATTRESS,400-D001
DL-OTR AQUA DREAM (Q),DUNLOPILLO OTHOREST AQUA DREAM MATT (Q),NEW,MATTRESS,400-D001
DL-PERFECT POSTURE (K),DUNLOPILLO PERFECT POSTURE MATT (K),EXISTS,MATTRESS,400-D001
DL-PERFECT POSTURE (Q),DUNLOPILLO PERFECT POSTURE MATT (Q),EXISTS,MATTRESS,400-D001
DL-RELAX SLEEP LUXURY (K),DUNLOPILLO RELAX SLEEP LUXURTY MATT (K),NEW,MATTRESS,400-D001
DL-RELAX SLEEP LUXURY (Q),DUNLOPILLO RELAX SLEEP LUXURTY MATT (Q),NEW,MATTRESS,400-D001
DL-RELAX SLEEP LUXURY (S),DUNLOPILLO RELAX SLEEP LUXURT MATT (S),NEW,MATTRESS,400-D001
DL-RELAX SLEEP LUXURY (SS),DUNLOPILLO RELAX SLEEP LUXURT MATT (SS),NEW,MATTRESS,400-D001
DL-ROY IMP DUCHESS (K),DUNLOPILLO ROYAL IMP DUCHESS MAT MATT (K),NEW,MATTRESS,400-D001
DL-ROY IMP DUCHESS (Q),DUNLOPILLO ROYAL IMP DUCHESS MAT MATT (Q),NEW,MATTRESS,400-D001
DL-ROYAL EXECUTIVE LUXE 2.0(K),DUNLOPILLO ROY EXECUTIVE LUXE 2.0 MATT (K),NEW,MATTRESS,400-D001
DL-ROYAL EXECUTIVE LUXE 2.0(Q),DUNLOPILLO ROY EXECUTIVE LUXE 2.0 MATT (Q),NEW,MATTRESS,400-D001
DL-ROYAL EXECUTIVE LUXE2.0(SK),DUNLOPILLO ROY EXECUTIVE LUXE 2.0 MATT (SK),NEW,MATTRESS,400-D001
DL-ROYAL FIRMTOURCH (Q),DUNLOPILLO ROYAL FIRMTOURCH MATT (Q),EXISTS,MATTRESS,400-D001
DL-ROYAL IMPERIAL (K),DUNLOPILLO ROYAL IMPERIAL MATT (K),EXISTS,MATTRESS,400-D001
DL-ROYAL IMPERIAL (Q),DUNLOPILLO ROYAL IMPERIAL MATT (Q),EXISTS,MATTRESS,400-D001
DL-SENSATION 2.0 (K),DUNLOPILLO OTHOREST BIOKINETIC SENSATION 2.0 MATT (K),NEW,MATTRESS,400-D001
DL-SENSATION 2.0 (S),DUNLOPILLO OTHOREST BIOKINETIC SENSATION 2.0 MATT (S),NEW,MATTRESS,400-D001
DL-SENSATION 2.0 (SK),DUNLOPILLO OTHOREST BIOKINETIC SENSATION 2.0 MATT (SK),NEW,MATTRESS,400-D001
DL-SENSATION 2.0(Q),DUNLOPILLO OTHOREST BIOKINETIC SENSATION 2.0 MATT (Q),NEW,MATTRESS,400-D001
DL-SENSATION 2.0(SS),DUNLOPILLO OTHOREST BIOKINETIC SENSATION 2.0 MATT (SS),NEW,MATTRESS,400-D001
DL-SIGTWG PINNACLE (K),DUNLOPILLO SIG TWG PINNACLE MATT (K),NEW,MATTRESS,400-D001
DL-SIGTWG PINNACLE (Q),DUNLOPILLO SIG TWG PINNACLE MATT (Q),NEW,MATTRESS,400-D001
DL-SILVERPRO ORTHO RELAXER (Q),DUNLOPILLO OTHOREST SILVERPRO ORTHO RELAXER MATT (Q),NEW,MATTRESS,400-D001
DL-TENCEL DREAM (K),DUNLOPILLO TENCEL DREAM MATT (K),EXISTS,MATTRESS,400-D001
DL-TENCEL DREAM (Q),DUNLOPILLO TENCEL DREAM MATT (Q),EXISTS,MATTRESS,400-D001
DL-TENCEL DREAM (S),DUNLOPILLO TENCEL DREAM MATT (S),EXISTS,MATTRESS,400-D001
DL-TENCEL DREAM (SK),DUNLOPILLO TENCEL DREAM MATT (SK),EXISTS,MATTRESS,400-D001
DL-TENCEL DREAM (SS),DUNLOPILLO TENCEL DREAM MATT (SS),EXISTS,MATTRESS,400-D001
DL-TENCEL SENSACTION 2.0 (K),DUNLOPILLO ORT TENCEL SENSACTION 2.0 MATT (K),NEW,MATTRESS,400-D001
DL-TENCEL SENSACTION 2.0 (Q),DUNLOPILLO ORT TENCEL SENSACTION 2.0 MATT (Q),NEW,MATTRESS,400-D001
EG-CLOUDREST MATT (SP),ERGOTEX CLOUDREST (BLANK) MATT (SP),NEW,MATTRESS,400-N004
EG-ECOZONE-C MATT (SP),ERGOTEX ECOZONE-C (BLANK) MATT (SP),NEW,MATTRESS,400-N004
EG-ECOZONE-S MATT (SP),ERGOTEX ECOZONE-S (BLANK) MATT (SP),NEW,MATTRESS,400-N004
EG-ERGOLITE MATT (SP),ERGOTEX ERGOLITE (BLANK) MATT (SP),NEW,MATTRESS,400-N004
EG-FLEXICARE-C MATT (SP),ERGOTEX FLEXICARE-C (BLANK) MATT (SP),NEW,MATTRESS,400-N004
EG-FLEXICARE-S MATT (SP),ERGOTEX FLEXICARE-S (BLANK) MATT (SP),NEW,MATTRESS,400-N004
EG-FLEXMOTION-C MATT (SP),ERGOTEX FLEXMOTION-C (BLANK) MATT (SP),NEW,MATTRESS,400-N004
EG-FLEXMOTION-S MATT (SP),ERGOTEX FLEXMOTION-S (BLANK) MATT (SP),NEW,MATTRESS,400-N004
EG-PUREZONE-C MATT (SP),ERGOTEX PUREZONE-C (BLANK) MATT (SP),NEW,MATTRESS,400-N004
EG-PUREZONE-S MATT (SP),ERGOTEX PUREZONE-S (BLANK) MATT (SP),NEW,MATTRESS,400-N004
EG-SPINECARE-C MATT (SP),ERGOTEX SPINECARE-C (BLANK) MATT (SP),NEW,MATTRESS,400-N004
EG-SPINECARE-S MATT (SP),ERGOTEX SPINECARE-S (BLANK) MATT (SP),NEW,MATTRESS,400-N004
GN-ALAMANDA (Q),GOODNITE ALAMANDA MATT (Q),NEW,MATTRESS,400-G002
GN-COLONIA 2.0 DPC (Q),GOODNITE COLONIA 2.0 DPC MATT (Q),NEW,MATTRESS,400-G002
GN-COLONIA 2.0 DPC (S),GOODNITE COLONIA 2.0 DPC MATT (S),NEW,MATTRESS,400-G002
GN-FINNACLE (Q),GOODNITE FINNACLE MATT (Q),NEW,MATTRESS,400-G002
GN-HOTEL SIGNATURE (Q),GOODNITE HOTEL SIGNATURE MATT (Q),NEW,MATTRESS,400-G002
GN-PERFECT LOVE (K),GOODNITE PERFECT LOVE MATT (K),NEW,MATTRESS,400-G002
MYLATEX AURORA (K),AURORA MATT (K),NEW,MATTRESS,400-A001
MYLATEX AURORA (Q),AURORA MATT (Q),NEW,MATTRESS,400-A001
MYLATEX AURORA (S),AURORA MATT (S),NEW,MATTRESS,400-A001
MYLATEX AURORA (SK),AURORA MATT (SK),NEW,MATTRESS,400-A001
MYLATEX AURORA (SP),AURORA MATT (SP),NEW,MATTRESS,400-A001
MYLATEX AURORA (SS),AURORA MATT (SS),NEW,MATTRESS,400-A001
MYLATEX BACKSHIRE (K),BACKSHIRE MATT (K),NEW,MATTRESS,400-A001
MYLATEX BACKSHIRE (Q),BACKSHIRE MATT (Q),NEW,MATTRESS,400-A001
MYLATEX BACKSHIRE (S),BACKSHIRE MATT (S),NEW,MATTRESS,400-A001
MYLATEX BACKSHIRE (SK),BACKSHIRE MATT (SK),NEW,MATTRESS,400-A001
MYLATEX BACKSHIRE (SS),BACKSHIRE MATT (SS),NEW,MATTRESS,400-A001
MYLATEX BACKTON (K),BACKTON MATT (K),NEW,MATTRESS,400-A001
MYLATEX BACKTON (Q),BACKTON MATT (Q),NEW,MATTRESS,400-A001
MYLATEX BACKTON (S),BACKTON MATT (S),NEW,MATTRESS,400-A001
MYLATEX BACKTON (SK),BACKTON MATT (SK),NEW,MATTRESS,400-A001
MYLATEX BACKTON (SS),BACKTON MATT (SS),NEW,MATTRESS,400-A001
MYLATEX CELESTIA (K),CELESTIA MATT (K),NEW,MATTRESS,400-A001
MYLATEX CELESTIA (Q),CELESTIA MATT (Q),NEW,MATTRESS,400-A001
MYLATEX CELESTIA (S),CELESTIA MATT (S),NEW,MATTRESS,400-A001
MYLATEX CELESTIA (SK),CELESTIA MATT (SK),NEW,MATTRESS,400-A001
MYLATEX CELESTIA (SS),CELESTIA MATT (SS),NEW,MATTRESS,400-A001
MYLATEX CRESTLAKE (K),CRESTLAKE MATT (K),NEW,MATTRESS,400-A001
MYLATEX CRESTLAKE (Q),CRESTLAKE MATT (Q),NEW,MATTRESS,400-A001
MYLATEX CRESTLAKE (S),CRESTLAKE MATT (S),NEW,MATTRESS,400-A001
MYLATEX CRESTLAKE (SK),CRESTLAKE MATT (SK),NEW,MATTRESS,400-A001
MYLATEX CRESTLAKE (SS),CRESTLAKE MATT (SS),NEW,MATTRESS,400-A001
MYLATEX LUMBARIA (K),LUMBARIA MATT (K),NEW,MATTRESS,400-A001
MYLATEX LUMBARIA (Q),LUMBARIA MATT (Q),NEW,MATTRESS,400-A001
MYLATEX LUMBARIA (S),LUMBARIA MATT (S),NEW,MATTRESS,400-A001
MYLATEX LUMBARIA (SK),LUMBARIA MATT (SK),NEW,MATTRESS,400-A001
MYLATEX LUMBARIA (SS),LUMBARIA MATT (SS),NEW,MATTRESS,400-A001
MYLATEX VELVETON (K),VELVETON MATT (K),NEW,MATTRESS,400-A001
MYLATEX VELVETON (Q),VELVETON MATT (Q),NEW,MATTRESS,400-A001
MYLATEX VELVETON (S),VELVETON MATT (S),NEW,MATTRESS,400-A001
MYLATEX VELVETON (SK),VELVETON MATT (SK),NEW,MATTRESS,400-A001
MYLATEX VELVETON (SS),VELVETON MATT (SS),NEW,MATTRESS,400-A001
DISPOSE,DISPOSE,NEW,SERVICE,
MYLATEX-FOOTREST,FOOTREST,NEW,ACCESSORY,
STORAGE,STORAGE,NEW,SERVICE,
AMN-LONG PILLOW,LONG PILLOW,NEW,ACCESSORY,400-A004
AMN-SF9015 SOFA,9015-1S,NEW,SOFA,400-A004
AMN-SF9021 SOFA,9021-1S,NEW,SOFA,400-A004
AMN-SF9025 SOFA,9025-1S,NEW,SOFA,400-A004
AMN-SF9027 SOFA,9027-1S,NEW,SOFA,400-A004
AMN-SF9028 SOFA,9028-1S,EXISTS,SOFA,400-A004
AMN-SF9030 SOFA,9030-1S,NEW,SOFA,400-A004
AMN-SF9033 SOFA,9033-1S,NEW,SOFA,400-A004
AMN-SF9036 SOFA,9036-1S,NEW,SOFA,400-A004
AMN-SF9050 SOFA,9050-1S,EXISTS,SOFA,400-A004
AMN-SF9058 SOFA,9058-1S,EXISTS,SOFA,400-A004
AMN-SGABELLO,SGABELLO,NEW,ACCESSORY,400-A004
AMN-SQUARE PILLOW,SQUARE PILLOW,NEW,ACCESSORY,400-A004
DSL-8021 SOFA,8021-1S,NEW,SOFA,400-D004
DSL-8030 SOFA,8030-1S,EXISTS,SOFA,400-D004
DSL-8038 SOFA,8038-1S,EXISTS,SOFA,400-D004
DSL-8039 SOFA,8039-1S,NEW,SOFA,400-D004
DSL-8050 SOFA,8050-1S,EXISTS,SOFA,400-D004
DSL-8051 SOFA,8051-1S,EXISTS,SOFA,400-D004
DSL-8058 SOFA,8058-1S,NEW,SOFA,400-D004
DSL-8060 SOFA,8060-1S,EXISTS,SOFA,400-D004
DSL-8069 SOFA,8069-1S,EXISTS,SOFA,400-D004
DSL-8501 SOFA,8501-1S,NEW,SOFA,400-D004
DSL-9028 SOFA,9028-1S,EXISTS,SOFA,400-D004
DSL-9058 SOFA,9058-1S,EXISTS,SOFA,400-D004
DSL-LONG PILLOW,LONG PILLOW,NEW,ACCESSORY,400-D004
DSL-SQUARE PILLOW,SQUARE PILLOW,NEW,ACCESSORY,400-D004
DSL-STOOL 1,STOOL 1,NEW,ACCESSORY,400-D004
HOK-5530 SOFA,5530-1S,NEW,SOFA,400-O002
HOK-5531 SOFA,5531-1S,NEW,SOFA,400-O002
HOK-5535 SOFA,5535-1S,EXISTS,SOFA,400-O002
HOK-5536 SOFA,5536-1S,NEW,SOFA,400-O002
HOK-5537 SOFA,5537-1S,NEW,SOFA,400-O002
HOK-5540 SOFA,5540-1S,NEW,SOFA,400-O002
HOK-5543 HEADREST,5543 HEADREST,NEW,ACCESSORY,400-O002
HOK-5543 LONG PILLOW,5543 LONG PILLOW,NEW,ACCESSORY,400-O002
HOK-5543 SOFA,5543-1S,EXISTS,SOFA,400-O002
HOK-LONG PILLOW,LONG PILLOW,NEW,ACCESSORY,400-O002
HOK-SQUARE PILLOW,SQUARE PILLOW,NEW,ACCESSORY,400-O002
HOK-STOOL,STOOL,NEW,ACCESSORY,400-O002
LV-3068 BOLSTER,3068 BOLSTER,NEW,ACCESSORY,400-L002
LV-3068 SOFA,3068-1S,NEW,SOFA,400-L002
MDS-SOFA,SOFA-1S,NEW,SOFA,400-G004
RDS-5152 SOFA,5152-1S,NEW,SOFA,400-R001
RDS-5526 CONSOLE,5526 CONSOLE,NEW,ACCESSORY,400-R001
RDS-5527 SOFA,5527-1S,NEW,SOFA,400-R001
RDS-558 HEADREST,558 HEADREST,NEW,ACCESSORY,400-R001
RDS-558 SOFA,558-1S,NEW,SOFA,400-R001
RDS-70153 SOFA,70153-1S,NEW,SOFA,400-R001
RDS-808 SOFA,808-1S,NEW,SOFA,400-R001
RDS-810 BOLSTER,810 BOLSTER,NEW,ACCESSORY,400-R001
RDS-810 SOFA,810-1S,NEW,SOFA,400-R001
RDS-8133 SOFA,8133-1S,NEW,SOFA,400-R001
RDS-822 SOFA,822-1S,NEW,SOFA,400-R001
RDS-822 SQUARE PILLOW,822 SQUARE PILLOW,NEW,ACCESSORY,400-R001
RDS-823 HEADREST,823 HEADREST,NEW,ACCESSORY,400-R001
RDS-823 LONG PILLOW,823 LONG PILLOW,NEW,ACCESSORY,400-R001
RDS-823 SOFA,823-1S,NEW,SOFA,400-R001
RDS-HEADREST,HEADREST,NEW,ACCESSORY,400-R001
RDS-HORSEROPE BOLSTER,HORSEROPE BOLSTER,NEW,ACCESSORY,400-R001
RDS-LONG PILLOW,LONG PILLOW,NEW,ACCESSORY,400-R001
RDS-R819 SOFA,R819-1S,NEW,SOFA,400-R001
RDS-SGABELLO,SGABELLO,NEW,ACCESSORY,400-R001
RDS-SQUARE PILLOW,SQUARE PILLOW,NEW,ACCESSORY,400-R001
RDS-STOOL,STOOL,NEW,ACCESSORY,400-R001
SOFA-333 44,SOFA-333 44-1S,NEW,SOFA,400-L001
SVI-00830 SOFA,00830-1S,NEW,SOFA,400-S002
SVI-00909 SOFA,00909-1S,NEW,SOFA,400-S002
SVI-00913 SOFA,00913-1S,NEW,SOFA,400-S002
SVI-MD490 SOFA,MD490-1S,NEW,SOFA,400-S002
TD-3002 SOFA,3002-1S,NEW,SOFA,400-T005
TD-5035 SOFA,5035-1S,NEW,SOFA,400-T005
TD-5080 SOFA,5080-1S,NEW,SOFA,400-T005
TD-5107 SOFA,5107-1S,NEW,SOFA,400-T005
TD-5119 SOFA,5119-1S,NEW,SOFA,400-T005
TD-BS22 SOFA,BS22-1S,NEW,SOFA,400-T005
TD-BS30 SOFA,BS30-1S,NEW,SOFA,400-T005
TD-SF5015 SOFA,5015-1S,NEW,SOFA,400-T005
TD-SF5015A SOFA,5015A-1S,NEW,SOFA,400-T005
TD-SF5030 SOFA,5030-1S,NEW,SOFA,400-T005
TD-SF5066 SOFA,5066-1S,NEW,SOFA,400-T005
TD-SF5071 SOFA,5071-1S,NEW,SOFA,400-T005
TD-SF5080 SOFA,5080-1S,NEW,SOFA,400-T005
TD-SF5083 SOFA,5083-1S,NEW,SOFA,400-T005
TD-SF5111A SOFA,5111A-1S,NEW,SOFA,400-T005
TD-SF5117A SOFA,5117A-1S,NEW,SOFA,400-T005
TD-SF7006 SOFA,7006-1S,NEW,SOFA,400-T005
TD-STOOL,STOOL,NEW,ACCESSORY,400-T005
THL-1068 STOOL,1068 STOOL,NEW,ACCESSORY,400-T002
THL-2376,2376-1S,NEW,SOFA,400-T002
THL-2379,2379-1S,NEW,SOFA,400-T002
THL-2391,2391-1S,NEW,SOFA,400-T002
THL-5133,5133-1S,NEW,SOFA,400-T002
THL-5135,5135-1S,NEW,SOFA,400-T002
THL-5142,5142-1S,NEW,SOFA,400-T002
THL-5142 PILLOW,5142 PILLOW,NEW,ACCESSORY,400-T002
THL-5150,5150-1S,NEW,SOFA,400-T002
THL-5152,5152-1S,NEW,SOFA,400-T002
THL-7179,7179-1S,NEW,SOFA,400-T002
THL-7202,7202-1S,NEW,SOFA,400-T002
THL-7212,7212-1S,NEW,SOFA,400-T002
THL-7218,7218-1S,NEW,SOFA,400-T002
THL-7219,7219-1S,NEW,SOFA,400-T002
THL-7221,7221-1S,NEW,SOFA,400-T002
THL-7223,7223-1S,NEW,SOFA,400-T002
THL-7226,7226-1S,NEW,SOFA,400-T002
THL-7233,7233-1S,NEW,SOFA,400-T002
THL-7238,7238-1S,NEW,SOFA,400-T002
THL-7251,7251-1S,NEW,SOFA,400-T002
THL-POWER BANK INCLINER,POWER BANK INCLINER,NEW,ACCESSORY,400-T002
THL-SQUARE PILLOW,SQUARE PILLOW,NEW,ACCESSORY,400-T002
TNS-9838 DB,9838 DB-1S,NEW,SOFA,400-T004
TNS-9838 SOFA,9838-1S,NEW,SOFA,400-T004
AERO-MP (K),AERO-MP (K),EXISTS(1st-pass),ACC,400-A001
AERO-MP (Q),AERO-MP (Q),EXISTS(1st-pass),ACC,400-A001
AERO-MP (S),AERO-MP (S),EXISTS(1st-pass),ACC,400-A001
AERO-MP (SS),AERO-MP (SS),EXISTS(1st-pass),ACC,400-A001
AK- ESSENTIAL BOLSTER,AK- ESSENTIAL BOLSTER,EXISTS(1st-pass),ACC,400-D002
AK- LTX CLS PIL,AK- LTX CLS PIL,EXISTS(1st-pass),ACC,400-E001
AK- SL ES WP QLT FIT MP (K),AK- SL ES WP QLT FIT MP (K),EXISTS(1st-pass),ACC,400-D002
AK- SL ES WP QLT FIT MP (Q),AK- SL ES WP QLT FIT MP (Q),EXISTS(1st-pass),ACC,400-D002
AK- SL ES WP QLT FIT MP (SS),AK- SL ES WP QLT FIT MP (SS),EXISTS(1st-pass),ACC,400-D002
AK-AV DR ROL PACK PIL,AK-AV DR ROL PACK PIL,EXISTS(1st-pass),ACC,400-D002
AK-COOL HUGGY BLANKET,AK-COOL HUGGY BLANKET,EXISTS(1st-pass),ACC,400-D002
AK-COOL HUGGY BLANKET (SK),AK-COOL HUGGY BLANKET (SK),EXISTS(1st-pass),ACC,400-D002
AK-CS AIRLOFT COMFY PIL,AK-CS AIRLOFT COMFY PIL,EXISTS(1st-pass),ACC,400-D002
AK-CT HYD.G BB CHC MEM PIL,AK-CT HYD.G BB CHC MEM PIL,EXISTS(1st-pass),ACC,400-D002
AK-HAPPY SLEEP EASY,AK-HAPPY SLEEP EASY,EXISTS(1st-pass),ACC,400-D002
AK-HP CM MATT CVR S+AD,AK-HP CM MATT CVR S+AD,EXISTS(1st-pass),ACC,400-D002
AK-HP LL AQU AD BL CS,AK-HP LL AQU AD BL CS,EXISTS(1st-pass),ACC,400-D002
AK-HP LL AQU AD PIL CS,AK-HP LL AQU AD PIL CS,EXISTS(1st-pass),ACC,400-D002
AK-HP LL BRR AD BL CS,AK-HP LL BRR AD BL CS,EXISTS(1st-pass),ACC,400-D002
AK-HP LL BRR AD PIL CS,AK-HP LL BRR AD PIL CS,EXISTS(1st-pass),ACC,400-D002
AK-HP LL GRY AD PIL CS,AK-HP LL GRY AD PIL CS,EXISTS(1st-pass),ACC,400-D002
AK-HP LL WIN AD BL CS,AK-HP LL WIN AD BL CS,EXISTS(1st-pass),ACC,400-D002
AK-HP LL WIN AD PIL CS,AK-HP LL WIN AD PIL CS,EXISTS(1st-pass),ACC,400-D002
AK-HP LL WOD AD PIL CS,AK-HP LL WOD AD PIL CS,EXISTS(1st-pass),ACC,400-D002
AK-HP SL ERGO PIL,AK-HP SL ERGO PIL,EXISTS(1st-pass),ACC,400-D002
AK-HP SL MP (K),AK-HP SL MP (K),EXISTS(1st-pass),ACC,400-D002
AK-HP SL MP (Q),AK-HP SL MP (Q),EXISTS(1st-pass),ACC,400-D002
AK-HP SL MP (SS),AK-HP SL MP (SS),EXISTS(1st-pass),ACC,400-D002
AK-M+H AV SOFT TC MEM PIL (IM),AK-M+H AV SOFT TC MEM PIL (IM),EXISTS(1st-pass),ACC,400-D002
AK-NA DUAL DS LTX PIL,AK-NA DUAL DS LTX PIL,EXISTS(1st-pass),ACC,400-D002
AK-NT VTL LTX PIL,AK-NT VTL LTX PIL,EXISTS(1st-pass),ACC,400-D002
AK-OL AC HILOFT PIL,AK-OL AC HILOFT PIL,EXISTS(1st-pass),ACC,400-D002
AK-OL AC MEM PIL,AK-OL AC MEM PIL,EXISTS(1st-pass),ACC,400-D002
AK-SK + MICROFIL PIL,AK-SK + MICROFIL PIL,EXISTS(1st-pass),ACC,400-D002
AK-SK CT MEM FOAM PIL,AK-SK CT MEM FOAM PIL,EXISTS(1st-pass),ACC,400-D002
AK-SK FX AIRLOFT PIL,AK-SK FX AIRLOFT PIL,EXISTS(1st-pass),ACC,400-D002
AK-SL ES FIT MP+PIL PRO,AK-SL ES FIT MP+PIL PRO,EXISTS(1st-pass),ACC,400-D002
AK-SLEEP ES DENSEFIL PILLOW,AK-SLEEP ES DENSEFIL PILLOW,EXISTS(1st-pass),ACC,400-D002
AK-SLEEP ESS LUX MICD. PLUS PI,AK-SLEEP ESS LUX MICD. PLUS PI,EXISTS(1st-pass),ACC,400-D002
AK-SLEEP ESSENTIAL 7 HOLES,AK-SLEEP ESSENTIAL 7 HOLES,EXISTS(1st-pass),ACC,400-D002
AMN-SOFA PILLOW,AMN-SOFA PILLOW,EXISTS(1st-pass),ACC,400-A004
CR- MICROFIBER WP MP (K),CR- MICROFIBER WP MP (K),EXISTS(1st-pass),ACC,400-C002
CR- MICROFIBER WP MP (Q),CR- MICROFIBER WP MP (Q),EXISTS(1st-pass),ACC,400-C002
DL-5' WATERPROOF PROTECTOR,DL-5' WATERPROOF PROTECTOR,EXISTS(1st-pass),ACC,400-D001
DL-6' WATERPROOF MP,DL-6' WATERPROOF MP,EXISTS(1st-pass),ACC,400-D001
DL-ECO COMFORT LATEX PILLOW,DL-ECO COMFORT LATEX PILLOW,EXISTS(1st-pass),ACC,400-D001
DL-ECO COOL LATEX PILLOW,DL-ECO COOL LATEX PILLOW,EXISTS(1st-pass),ACC,400-D001
DL-ECO NECK COMFORT PIL,DL-ECO NECK COMFORT PIL,EXISTS(1st-pass),ACC,400-D001
DL-ECO SUPPORT CONTOUR PILLOW,DL-ECO SUPPORT CONTOUR PILLOW,EXISTS(1st-pass),ACC,400-D001
DL-HOTEL PILLOW(M),DL-HOTEL PILLOW(M),EXISTS(1st-pass),ACC,400-D001
DL-HOTEL PILLOW(XL),DL-HOTEL PILLOW(XL),EXISTS(1st-pass),ACC,400-D001
DL-HOTEL TOPPER (K),DL-HOTEL TOPPER (K),EXISTS(1st-pass),ACC,400-D001
DL-MP(K),DL-MP(K),EXISTS(1st-pass),ACC,400-D001
DL-MP(Q),DL-MP(Q),EXISTS(1st-pass),ACC,400-D001
DL-MP(S),DL-MP(S),EXISTS(1st-pass),ACC,400-D001
DL-MP(SS),DL-MP(SS),EXISTS(1st-pass),ACC,400-D001
DL-NATURAL TOPPER (S),DL-NATURAL TOPPER (S),EXISTS(1st-pass),ACC,400-D001
DL-SERENE LATEX PILLOW,DL-SERENE LATEX PILLOW,EXISTS(1st-pass),ACC,400-D001
DL-SERENITY LTX PIL,DL-SERENITY LTX PIL,EXISTS(1st-pass),ACC,400-D001
DL-SLEEP WELL PILLOW,DL-SLEEP WELL PILLOW,EXISTS(1st-pass),ACC,400-D001
DL-WHITE BOLSTER,DL-WHITE BOLSTER,EXISTS(1st-pass),ACC,400-D001
DL-WHITE PILLOW,DL-WHITE PILLOW,EXISTS(1st-pass),ACC,400-D001
DL-WHITE PILLOW (DEMO),DL-WHITE PILLOW (DEMO),EXISTS(1st-pass),ACC,400-D001
EG-CS BLANKET (Q),EG-CS BLANKET (Q),EXISTS(1st-pass),ACC,400-N004
EG-CS BLANKET (SK),EG-CS BLANKET (SK),EXISTS(1st-pass),ACC,400-N004
EG-ND LTX MATT TOPPER,EG-ND LTX MATT TOPPER,EXISTS(1st-pass),ACC,400-N004
GN-DUOCARE CL PILLOW,GN-DUOCARE CL PILLOW,EXISTS(1st-pass),ACC,400-G002
GN-DUOCARE CL PILLOW-DEMO,GN-DUOCARE CL PILLOW-DEMO,EXISTS(1st-pass),ACC,400-G002
GN-DUOCARE NL PILLOW-DEMO,GN-DUOCARE NL PILLOW-DEMO,EXISTS(1st-pass),ACC,400-G002
GN-VM PILLOW-DEMO,GN-VM PILLOW-DEMO,EXISTS(1st-pass),ACC,400-G002
HB109M-CC,HB109M-CC,EXISTS(1st-pass),ACC,400-A001
HB109NL,HB109NL,EXISTS(1st-pass),ACC,400-A001
HB208M-CC,HB208M-CC,EXISTS(1st-pass),ACC,400-A001
HB208NL,HB208NL,EXISTS(1st-pass),ACC,400-A001
HB209M-CC,HB209M-CC,EXISTS(1st-pass),ACC,400-A001
HB209NL,HB209NL,EXISTS(1st-pass),ACC,400-A001
HB211NL,HB211NL,EXISTS(1st-pass),ACC,400-A001
HB709M-CC,HB709M-CC,EXISTS(1st-pass),ACC,400-A001
HB709NL,HB709NL,EXISTS(1st-pass),ACC,400-A001
JM-BAMBOO JACQUARD WP MP (K),JM-BAMBOO JACQUARD WP MP (K),EXISTS(1st-pass),ACC,400-Z002
JM-BAMBOO JACQUARD WP MP (Q),JM-BAMBOO JACQUARD WP MP (Q),EXISTS(1st-pass),ACC,400-Z002
JM-BAMBOO JACQUARD WP MP (S),JM-BAMBOO JACQUARD WP MP (S),EXISTS(1st-pass),ACC,400-Z002
JM-BAMBOO JACQUARD WP MP (SK),JM-BAMBOO JACQUARD WP MP (SK),EXISTS(1st-pass),ACC,400-Z002
JM-BAMBOO JACQUARD WP MP (SS),JM-BAMBOO JACQUARD WP MP (SS),EXISTS(1st-pass),ACC,400-Z002
JM-CL JAC WP MP (K),JM-CL JAC WP MP (K),EXISTS(1st-pass),ACC,400-Z002
JM-CL JAC WP MP (Q),JM-CL JAC WP MP (Q),EXISTS(1st-pass),ACC,400-Z002
JM-CL JAC WP MP (S),JM-CL JAC WP MP (S),EXISTS(1st-pass),ACC,400-Z002
JM-CL JAC WP MP (SK),JM-CL JAC WP MP (SK),EXISTS(1st-pass),ACC,400-Z002
JM-CL JAC WP MP (SS),JM-CL JAC WP MP (SS),EXISTS(1st-pass),ACC,400-Z002
MYLATEX-CS MATT COVER (K),MYLATEX-CS MATT COVER (K),EXISTS(1st-pass),ACC,400-A001
NTYR-CL MX MICR PIL,NTYR-CL MX MICR PIL,EXISTS(1st-pass),ACC,405-N001
NTYR-CS LTX BST + CSC,HB709NL,EXISTS(1st-pass),ACC,405-N001
NTYR-CS LTX PIL + CSC,NTYR-CS LTX PIL + CSC,EXISTS(1st-pass),ACC,405-N001
NTYR-ERGO LTX PIL,NTYR-ERGO LTX PIL,EXISTS(1st-pass),ACC,405-N001
NTYR-MEM FM CT PIL,NTYR-MEM FM CT PIL,EXISTS(1st-pass),ACC,405-N001
NTYR-TECHGEL MEM PIL,NTYR-TECHGEL MEM PIL,EXISTS(1st-pass),ACC,405-N001
PILLOW CASE,PILLOW CASE,EXISTS(1st-pass),ACC,
SOFT PILLOW,SOFT PILLOW,EXISTS(1st-pass),ACC,400-D001
THL-SOFA PILLOW,THL-SOFA PILLOW,EXISTS(1st-pass),ACC,
BC-CB49,PULL OUT BED CB49,EXISTS(1st-pass),BEDFRAME,400-B002
BEDFRAME,BEDFRAME KIV,EXISTS(1st-pass),BEDFRAME,
CR-LV626-MD/SC-1521-1 (K),NINA LV626-MD/SC-1521-1 -KING,EXISTS(1st-pass),BEDFRAME,400-N004
CR-LV626-MD/SC-1521-1 (Q),NINA LV626-MD/SC-1521-1 -QUEEN,EXISTS(1st-pass),BEDFRAME,400-N004
GT-HEADBROAD DIAMOND SQUARE-DM,GETHA DIAMOND SQUARE HIGH HEADBROAD WT B WING FABRIC BEIGE (180CM)-DEMO,EXISTS(1st-pass),BEDFRAME,400-G003
GT-TOGETHA BOX DIVAN-DEMO,GETHA TOGETHA 190CM BOX DIVAN (180X95CM) 2PCS-DEMO,EXISTS(1st-pass),BEDFRAME,400-G003
HOK-2023 (S),CODY ADJUSTABLE BED-(S),EXISTS(1st-pass),BEDFRAME,400-O002
HOK-2049 (S),FENRIR ADJUSTABLE BED-(S),EXISTS(1st-pass),BEDFRAME,400-O002
HOK-HEADBOARD ONLY (SP),HEADBOARD ONLY (SPCIAL SIZE),EXISTS(1st-pass),BEDFRAME,400-O002
NB-DOUBLE DACKER (DDB002),DOUBLE DACKER SINGLE (DDB002),EXISTS(1st-pass),BEDFRAME,400-N002
NB-HEADBOARD ONLY (K),HEADBOARD ONLY-(K),EXISTS(1st-pass),BEDFRAME,400-N002
NB-HEADBOARD ONLY (Q),HEADBOARD ONLY-(Q),EXISTS(1st-pass),BEDFRAME,400-N002
NB-HEADBOARD ONLY (S),HEADBOARD ONLY-(S),EXISTS(1st-pass),BEDFRAME,400-N002
NB-NBG 09 (L),TRIPLET (L)(3 x SINGLE),EXISTS(1st-pass),BEDFRAME,400-N002
NB-NBG 09 (R),TRIPLET (R)(3 x SINGLE),EXISTS(1st-pass),BEDFRAME,400-N002
NB-NH30(A) (KD),TRION (KD) (183X190CM) DEMO,EXISTS(1st-pass),BEDFRAME,400-N002
AK-APEX MATT (K),AKEMI APEX MATT (K),EXISTS(1st-pass),MATTRESS,400-D002
AK-APEX MATT (Q),AKEMI APEX MATT (Q),EXISTS(1st-pass),MATTRESS,400-D002
AK-APEX MATT (S),AKEMI APEX MATT (S),EXISTS(1st-pass),MATTRESS,400-D002
AK-APEX MATT (SK),AKEMI APEX MATT (SK),EXISTS(1st-pass),MATTRESS,400-D002
AK-APEX MATT (SS),AKEMI APEX MATT (SS),EXISTS(1st-pass),MATTRESS,400-D002
AK-ARISTOI MATT (K),AKEMI ARISTOI MATT (K),EXISTS(1st-pass),MATTRESS,400-D002
AK-ARISTOI MATT (Q),AKEMI ARISTOI MATT (Q),EXISTS(1st-pass),MATTRESS,400-E004
AK-ARISTOI MATT (S),AKEMI ARISTOI MATT (S),EXISTS(1st-pass),MATTRESS,400-D002
AK-ARISTOI MATT (SK),AKEMI ARISTOI MATT (SK),EXISTS(1st-pass),MATTRESS,400-D002
AK-ARISTOI MATT (SS),AKEMI ARISTOI MATT (SS),EXISTS(1st-pass),MATTRESS,400-D002
AK-ARMOUR MATT (K),AKEMI ARMOUR MATT (K),EXISTS(1st-pass),MATTRESS,400-D002
AK-ARMOUR MATT (Q),AKEMI ARMOUR MATT (Q),EXISTS(1st-pass),MATTRESS,400-D002
AK-ARMOUR MATT (S),AKEMI ARMOUR MATT (S),EXISTS(1st-pass),MATTRESS,400-D002
AK-ARMOUR MATT (SS),AKEMI ARMOUR MATT (SS),EXISTS(1st-pass),MATTRESS,400-D002
AK-BASTION MATT (K),AKEMI BASTION MATT (K),EXISTS(1st-pass),MATTRESS,400-D002
AK-BASTION MATT (Q),AKEMI BASTION MATT (Q),EXISTS(1st-pass),MATTRESS,400-D002
AK-BASTION MATT (S),AKEMI BASTION MATT (S),EXISTS(1st-pass),MATTRESS,400-D002
AK-BASTION MATT (SS),AKEMI BASTION MATT (SS),EXISTS(1st-pass),MATTRESS,400-D002
AK-BULWARK MATT (K),AKEMI BULWARK MATT (K),EXISTS(1st-pass),MATTRESS,400-D002
AK-BULWARK MATT (Q),AKEMI BULWARK MATT (Q),EXISTS(1st-pass),MATTRESS,400-D002
AK-BULWARK MATT (S),AKEMI BULWARK MATT (S),EXISTS(1st-pass),MATTRESS,400-D002
AK-BULWARK MATT (SK),AKEMI BULWARK MATT (SK),EXISTS(1st-pass),MATTRESS,400-D002
AK-BULWARK MATT (SS),AKEMI BULWARK MATT (SS),EXISTS(1st-pass),MATTRESS,400-D002
AK-COCOON MATT (K),AKEMI COCOON MATT (K),EXISTS(1st-pass),MATTRESS,400-D002
AK-COCOON MATT (Q),AKEMI COCOON MATT (Q),EXISTS(1st-pass),MATTRESS,400-D002
AK-COCOON MATT (S),AKEMI COCOON MATT (S),EXISTS(1st-pass),MATTRESS,400-D002
AK-COCOON MATT (SK),AKEMI COCOON MATT (SK),EXISTS(1st-pass),MATTRESS,400-D002
AK-COCOON MATT (SS),AKEMI COCOON MATT (SS),EXISTS(1st-pass),MATTRESS,400-D002
AK-ELEVATION MATT (K),AKEMI ELEVATION MATT (K),EXISTS(1st-pass),MATTRESS,400-D002
AK-ELEVATION MATT (Q),AKEMI ELEVATION MATT (Q),EXISTS(1st-pass),MATTRESS,400-D002
AK-ELEVATION MATT (S),AKEMI ELEVATION MATT (S),EXISTS(1st-pass),MATTRESS,400-D002
AK-ELEVATION MATT (SS),AKEMI ELEVATION MATT (SS),EXISTS(1st-pass),MATTRESS,400-D002
AK-EMINENT MATT (K),AKEMI EMINENT MATT (K),EXISTS(1st-pass),MATTRESS,400-D002
AK-EMINENT MATT (Q),AKEMI EMINENT MATT (Q),EXISTS(1st-pass),MATTRESS,400-D002
AK-EMINENT MATT (S),AKEMI EMINENT MATT (S),EXISTS(1st-pass),MATTRESS,400-D002
AK-EMINENT MATT (SS),AKEMI EMINENT MATT (SS),EXISTS(1st-pass),MATTRESS,400-D002
AK-EQUINOX MATT (K),AKEMI EQUINOX MATT (K),EXISTS(1st-pass),MATTRESS,400-D002
AK-EQUINOX MATT (Q),AKEMI EQUINOX MATT (Q),EXISTS(1st-pass),MATTRESS,400-D002
AK-EQUINOX MATT (S),AKEMI EQUINOX MATT (S),EXISTS(1st-pass),MATTRESS,400-D002
AK-EQUINOX MATT (SS),AKEMI EQUINOX MATT (SS),EXISTS(1st-pass),MATTRESS,400-D002
AK-EXALTED MATT (K),AKEMI EXALTED MATT (K),EXISTS(1st-pass),MATTRESS,400-D002
AK-EXALTED MATT (Q),AKEMI EXALTED MATT (Q),EXISTS(1st-pass),MATTRESS,400-D002
AK-EXALTED MATT (S),AKEMI EXALTED MATT (S),EXISTS(1st-pass),MATTRESS,400-D002
AK-EXALTED MATT (SS),AKEMI EXALTED MATT (SS),EXISTS(1st-pass),MATTRESS,400-D002
AK-FORTRESS MATT (K),AKEMI FORTRESS MATT (K),EXISTS(1st-pass),MATTRESS,400-D002
AK-FORTRESS MATT (Q),AKEMI FORTRESS MATT (Q),EXISTS(1st-pass),MATTRESS,400-D002
AK-FORTRESS MATT (S),AKEMI FORTRESS MATT (S),EXISTS(1st-pass),MATTRESS,400-D002
AK-FORTRESS MATT (SS),AKEMI FORTRESS MATT (SS),EXISTS(1st-pass),MATTRESS,400-D002
AK-GUARDIAN MATT (K),AKEMI GUARDIAN MATT (K),EXISTS(1st-pass),MATTRESS,400-D002
AK-GUARDIAN MATT (Q),AKEMI GUARDIAN MATT (Q),EXISTS(1st-pass),MATTRESS,400-D002
AK-GUARDIAN MATT (S),AKEMI GUARDIAN MATT (S),EXISTS(1st-pass),MATTRESS,400-D002
AK-GUARDIAN MATT (SS),AKEMI GUARDIAN MATT (SS),EXISTS(1st-pass),MATTRESS,400-D002
AK-HP SL MOB MATT (Q) -2F,AK-HP SL MOB MATT (Q) -2F,EXISTS(1st-pass),MATTRESS,400-D002
AK-HP SL MOB MATT (S) -2F,AK-HP SL MOB MATT (S) -2F,EXISTS(1st-pass),MATTRESS,400-D002
AK-HP SL MOB MATT (S) -3F,AK-HP SL MOB MATT (S) -3F,EXISTS(1st-pass),MATTRESS,400-D002
AK-HP SL MOB MATT (S) -5F,AK-HP SL MOB MATT (S) -5F,EXISTS(1st-pass),MATTRESS,400-D002
AK-IMMORTAL MATT (K),AKEMI IMMORTAL MATT (K),EXISTS(1st-pass),MATTRESS,400-D002
AK-IMMORTAL MATT (Q),AKEMI IMMORTAL MATT (Q),EXISTS(1st-pass),MATTRESS,400-D002
AK-IMMORTAL MATT (S),AKEMI IMMORTAL MATT (S),EXISTS(1st-pass),MATTRESS,400-D002
AK-IMMORTAL MATT (SK),AKEMI IMMORTAL MATT (SK),EXISTS(1st-pass),MATTRESS,400-D002
AK-IMMORTAL MATT (SS),AKEMI IMMORTAL MATT (SS),EXISTS(1st-pass),MATTRESS,400-D002
AK-LAVISH MATT (K),AKEMI LAVISH MATT (K),EXISTS(1st-pass),MATTRESS,400-D002
AK-LAVISH MATT (Q),AKEMI LAVISH MATT (Q),EXISTS(1st-pass),MATTRESS,400-D002
AK-LAVISH MATT (S),AKEMI LAVISH MATT (S),EXISTS(1st-pass),MATTRESS,400-D002
AK-LAVISH MATT (SK),AKEMI LAVISH MATT (SK),EXISTS(1st-pass),MATTRESS,400-D002
AK-LAVISH MATT (SS),AKEMI LAVISH MATT (SS),EXISTS(1st-pass),MATTRESS,400-D002
AK-MONARCH MATT (K),AKEMI MONARCH MATT (K),EXISTS(1st-pass),MATTRESS,400-D002
AK-MONARCH MATT (Q),AKEMI MONARCH MATT (Q),EXISTS(1st-pass),MATTRESS,400-D002
AK-MONARCH MATT (S),AKEMI MONARCH MATT (S),EXISTS(1st-pass),MATTRESS,400-D002
AK-MONARCH MATT (SS),AKEMI MONARCH MATT (SS),EXISTS(1st-pass),MATTRESS,400-D002
AK-NOBILITY MATT (K),AKEMI NOBILITY MATT (K),EXISTS(1st-pass),MATTRESS,400-D002
AK-NOBILITY MATT (Q),AKEMI NOBILITY MATT (Q),EXISTS(1st-pass),MATTRESS,400-D002
AK-NOBILITY MATT (S),AKEMI NOBILITY MATT (S),EXISTS(1st-pass),MATTRESS,400-D002
AK-NOBILITY MATT (SS),AKEMI NOBILITY MATT (SS),EXISTS(1st-pass),MATTRESS,400-D002
AK-OASIS MATT (K),AKEMI OASIS MATT (K),EXISTS(1st-pass),MATTRESS,400-D002
AK-OASIS MATT (Q),AKEMI OASIS MATT (Q),EXISTS(1st-pass),MATTRESS,400-D002
AK-OASIS MATT (S),AKEMI OASIS MATT (S),EXISTS(1st-pass),MATTRESS,400-D002
AK-OASIS MATT (SK),AKEMI OASIS MATT (SK),EXISTS(1st-pass),MATTRESS,400-D002
AK-OASIS MATT (SS),AKEMI OASIS MATT (SS),EXISTS(1st-pass),MATTRESS,400-D002
AK-OMNIA MATT (K),AKEMI OMNIA MATT (K),EXISTS(1st-pass),MATTRESS,400-D002
AK-OMNIA MATT (Q),AKEMI OMNIA MATT (Q),EXISTS(1st-pass),MATTRESS,400-D002
AK-OMNIA MATT (S),AKEMI OMNIA MATT (S),EXISTS(1st-pass),MATTRESS,400-D002
AK-OMNIA MATT (SK),AKEMI OMNIA MATT (SK),EXISTS(1st-pass),MATTRESS,400-D002
AK-OMNIA MATT (SS),AKEMI OMNIA MATT (SS),EXISTS(1st-pass),MATTRESS,400-D002
AK-PANTHEON MATT (K),AKEMI PANTHEON MATT (K),EXISTS(1st-pass),MATTRESS,400-D002
AK-PANTHEON MATT (Q),AKEMI PANTHEON MATT (Q),EXISTS(1st-pass),MATTRESS,400-D002
AK-PANTHEON MATT (S),AKEMI PANTHEON MATT (S),EXISTS(1st-pass),MATTRESS,400-D002
AK-PANTHEON MATT (SS),AKEMI PANTHEON MATT (SS),EXISTS(1st-pass),MATTRESS,400-D002
AK-PINNACLE MATT (K),AKEMI PINNACLE MATT (K),EXISTS(1st-pass),MATTRESS,400-D002
AK-PINNACLE MATT (Q),AKEMI PINNACLE MATT (Q),EXISTS(1st-pass),MATTRESS,400-D002
AK-PINNACLE MATT (S),AKEMI PINNACLE MATT (S),EXISTS(1st-pass),MATTRESS,400-D002
AK-PINNACLE MATT (SK),AKEMI PINNACLE MATT (SK),EXISTS(1st-pass),MATTRESS,400-D002
AK-PINNACLE MATT (SS),AKEMI PINNACLE MATT (SS),EXISTS(1st-pass),MATTRESS,400-D002
AK-PRIME COOL MATT (K),AKEMI PRIME COOL MATT (K),EXISTS(1st-pass),MATTRESS,400-D002
AK-PRIME COOL MATT (SS),AKEMI PRIME COOL MATT (SS),EXISTS(1st-pass),MATTRESS,400-D002
AK-SANCTUM MATT (K),AKEMI SANCTUM MATT (K),EXISTS(1st-pass),MATTRESS,400-D002
AK-SANCTUM MATT (Q),AKEMI SANCTUM MATT (Q),EXISTS(1st-pass),MATTRESS,400-D002
AK-SANCTUM MATT (S),AKEMI SANCTUM MATT (S),EXISTS(1st-pass),MATTRESS,400-D002
AK-SANCTUM MATT (SK),AKEMI SANCTUM MATT (SK),EXISTS(1st-pass),MATTRESS,400-D002
AK-SANCTUM MATT (SS),AKEMI SANCTUM MATT (SS),EXISTS(1st-pass),MATTRESS,400-D002
AK-SOLITUDE MATT (K),AKEMI SOLITUDE MATT (K),EXISTS(1st-pass),MATTRESS,400-D002
AK-SOLITUDE MATT (SS),AKEMI SOLITUDE MATT (SS),EXISTS(1st-pass),MATTRESS,400-D002
AK-TRANQUIL MATT (K),AKEMI TRANQUIL MATT (K),EXISTS(1st-pass),MATTRESS,400-D002
AK-TRANQUIL MATT (Q),AKEMI TRANQUIL MATT (Q),EXISTS(1st-pass),MATTRESS,400-D002
AK-TRANQUIL MATT (S),AKEMI TRANQUIL MATT (S),EXISTS(1st-pass),MATTRESS,400-D002
AK-TRANQUIL MATT (SK),AKEMI TRANQUIL MATT (SK),EXISTS(1st-pass),MATTRESS,400-D002
AK-TRANQUIL MATT (SS),AKEMI TRANQUIL MATT (SS),EXISTS(1st-pass),MATTRESS,400-D002
AK-ULTIMATE MATT (K),AKEMI ULTIMATE MATT (K),EXISTS(1st-pass),MATTRESS,400-D002
AK-ULTIMATE MATT (Q),AKEMI ULTIMATE MATT (Q),EXISTS(1st-pass),MATTRESS,400-D002
AK-ULTIMATE MATT (S),AKEMI ULTIMATE MATT (S),EXISTS(1st-pass),MATTRESS,400-D002
AK-ULTIMATE MATT (SK),AKEMI ULTIMATE MATT (SK),EXISTS(1st-pass),MATTRESS,400-D002
AK-ULTIMATE MATT (SS),AKEMI ULTIMATE MATT (SS),EXISTS(1st-pass),MATTRESS,400-D002
AK-ZEN COOL MATT (K),AKEMI ZEN COOL MATT (K),EXISTS(1st-pass),MATTRESS,400-D002
AK-ZEN COOL MATT (SS),AKEMI ZEN COOL MATT (SS),EXISTS(1st-pass),MATTRESS,400-D002
AK-ZENITHAL MATT (K),AKEMI ZENITHAL MATT (K),EXISTS(1st-pass),MATTRESS,400-D002
AK-ZENITHAL MATT (Q),AKEMI ZENITHAL MATT (Q),EXISTS(1st-pass),MATTRESS,400-D002
AK-ZENITHAL MATT (S),AKEMI ZENITHAL MATT (S),EXISTS(1st-pass),MATTRESS,400-D002
AK-ZENITHAL MATT (SS),AKEMI ZENITHAL MATT (SS),EXISTS(1st-pass),MATTRESS,400-D002
DL-CS2 ARCTIC DREAM (K),DL-CS2 ARCTIC DREAM MATT (K),EXISTS(1st-pass),MATTRESS,400-D001
DL-CS2 ARCTIC DREAM (Q),DL-CS2 ARCTIC DREAM MATT (Q),EXISTS(1st-pass),MATTRESS,400-D001
DL-CS2 COOL EXTRA FIRM (K),DUNLOPILLO CS2 COOL EXTRA FIRM MATT (K),EXISTS(1st-pass),MATTRESS,400-D001
DL-CS2 COOL EXTRA FIRM (Q),DUNLOPILLO CS2 COOL EXTRA FIRM MATT (Q),EXISTS(1st-pass),MATTRESS,400-D001
DL-CS2 COOL EXTRA FIRM (SS),DUNLOPILLO CS2 COOL EXTRA FIRM MATT (SS),EXISTS(1st-pass),MATTRESS,400-D001
DL-CS2 GLACIAL COMFORT (K),DUNLOPILLO CS2 GLACIAL COMFORT MATT (K),EXISTS(1st-pass),MATTRESS,400-D001
DL-CS2 GLACIAL COMFORT (Q),DUNLOPILLO CS2 GLACIAL COMFORT MATT (Q),EXISTS(1st-pass),MATTRESS,400-D001
DL-CS2 GLACIAL COMFORT (SS),DUNLOPILLO CS2 GLACIAL COMFORT MATT (SS),EXISTS(1st-pass),MATTRESS,400-D001
DL-CS2 NANO BREEZE (K),DL-CS2 NANO BREEZE MATT (K),EXISTS(1st-pass),MATTRESS,400-D001
DL-CS2 NANO BREEZE (Q),DL-CS2 NANO BREEZE MATT (Q),EXISTS(1st-pass),MATTRESS,400-D001
DL-CS2 NN-WINTER DREAM MATT (K,DL-CS2 NN-WINTER DREAM MATT (K),EXISTS(1st-pass),MATTRESS,400-D001
DL-CS2 NN-WINTER DREAM MATT (Q,DL-CS2 NN-WINTER DREAM MATT (Q),EXISTS(1st-pass),MATTRESS,400-D001
DL-CS2 NN-WINTER FLOW MATT (K),DL-CS2 NN-WINTER FLOW MATT (K),EXISTS(1st-pass),MATTRESS,400-D001
DL-CS2 NN-WINTER FLOW MATT (Q),DL-CS2 NN-WINTER FLOW MATT (Q),EXISTS(1st-pass),MATTRESS,400-D001
DL-CS2 NN-WINTER FROST MATT (K,DL-CS2 NN-WINTER FROST MATT (K),EXISTS(1st-pass),MATTRESS,400-D001
DL-CS2 NN-WINTER FROST MATT (Q,DL-CS2 NN-WINTER FROST MATT (Q),EXISTS(1st-pass),MATTRESS,400-D001
DL-CS2 NN-WINTER REST MATT (K),DL-CS2 NN-WINTER REST MATT (K),EXISTS(1st-pass),MATTRESS,400-D001
DL-CS2 NN-WINTER REST MATT (Q),DL-CS2 NN-WINTER REST MATT (Q),EXISTS(1st-pass),MATTRESS,400-D001
DL-CS2 NN-WINTER SLEEP MATT (K,DL-CS2 NN-WINTER SLEEP MATT (K),EXISTS(1st-pass),MATTRESS,400-D001
DL-CS2 NN-WINTER SLEEP MATT (Q,DL-CS2 NN-WINTER SLEEP MATT (Q),EXISTS(1st-pass),MATTRESS,400-D001
DL-DEEP SLEEP (K),DUNLOPILLO DEEP SLEEP MATT (K),EXISTS(1st-pass),MATTRESS,400-D001
DL-DEEP SLEEP (Q),DUNLOPILLO DEEP SLEEP MATT (Q),EXISTS(1st-pass),MATTRESS,400-D001
DL-DEEP SLEEP (S),DUNLOPILLO DEEP SLEEP MATT (S),EXISTS(1st-pass),MATTRESS,400-D001
DL-DEEP SLEEP (SS),DUNLOPILLO DEEP SLEEP MATT (SS),EXISTS(1st-pass),MATTRESS,400-D001
DL-GENERASI Z,DL-GENERASI Z,EXISTS(1st-pass),MATTRESS,400-D001
DL-IMPERIAL DUCHESS,DL-IMPERIAL DUCHESS,EXISTS(1st-pass),MATTRESS,400-D001
DL-ORTHO RELAX SLEEP BED (SS),DUNLOPILLO ORTHO RELAX SLEEP BED MATT (SS),EXISTS(1st-pass),MATTRESS,400-D001
DL-PREFECT POSTURE (KD),DL-PREFECT POSTURE (KD),EXISTS(1st-pass),MATTRESS,400-D001
DL-PREFECT POSTURE (QD),DL-PREFECT POSTURE (QD),EXISTS(1st-pass),MATTRESS,400-D001
DL-SIGTWG OINNACLE (KD),DL-SIGTWG OINNACLE (KD),EXISTS(1st-pass),MATTRESS,400-D001
DL-SIGTWG OINNACLE (QD),DL-SIGTWG OINNACLE (QD),EXISTS(1st-pass),MATTRESS,400-D001
EG-CLOUDREST MATT (K),ERGOTEX CLOUDREST MATT (K),EXISTS(1st-pass),MATTRESS,400-N004
EG-CLOUDREST MATT (Q),ERGOTEX CLOUDREST MATT (Q),EXISTS(1st-pass),MATTRESS,400-N004
EG-CLOUDREST MATT (S),ERGOTEX CLOUDREST MATT (S),EXISTS(1st-pass),MATTRESS,400-N004
EG-CLOUDREST MATT (SK),ERGOTEX CLOUDREST MATT (SK),EXISTS(1st-pass),MATTRESS,400-N004
EG-CLOUDREST MATT (SS),ERGOTEX CLOUDREST MATT (SS),EXISTS(1st-pass),MATTRESS,400-N004
EG-ECOZONE-C MATT (K),ERGOTEX ECOZONE-C MATT (K),EXISTS(1st-pass),MATTRESS,400-N004
EG-ECOZONE-C MATT (Q),ERGOTEX ECOZONE-C MATT (Q),EXISTS(1st-pass),MATTRESS,400-N004
EG-ECOZONE-S MATT (K),ERGOTEX ECOZONE-S MATT (K),EXISTS(1st-pass),MATTRESS,400-N004
EG-ECOZONE-S MATT (Q),ERGOTEX ECOZONE-S MATT (Q),EXISTS(1st-pass),MATTRESS,400-N004
EG-ERGOLITE MATT (K),ERGOTEX ERGOLITE MATT (K),EXISTS(1st-pass),MATTRESS,400-N004
EG-ERGOLITE MATT (Q),ERGOTEX ERGOLITE MATT (Q),EXISTS(1st-pass),MATTRESS,400-N004
EG-ERGOLITE MATT (S),ERGOTEX ERGOLITE MATT (S),EXISTS(1st-pass),MATTRESS,400-N004
EG-ERGOLITE MATT (SK),ERGOTEX ERGOLITE MATT (SK),EXISTS(1st-pass),MATTRESS,400-N004
EG-ERGOLITE MATT (SS),ERGOTEX ERGOLITE MATT (SS),EXISTS(1st-pass),MATTRESS,400-N004
EG-FLEXICARE-C MATT (K),ERGOTEX FLEXICARE-C MATT (K),EXISTS(1st-pass),MATTRESS,400-N004
EG-FLEXICARE-C MATT (Q),ERGOTEX FLEXICARE-C MATT (Q),EXISTS(1st-pass),MATTRESS,400-N004
EG-FLEXICARE-C MATT (S),ERGOTEX FLEXICARE-C MATT (S),EXISTS(1st-pass),MATTRESS,400-N004
EG-FLEXICARE-C MATT (SK),ERGOTEX FLEXICARE-C MATT (SK),EXISTS(1st-pass),MATTRESS,400-N004
EG-FLEXICARE-C MATT (SS),ERGOTEX FLEXICARE-C MATT (SS),EXISTS(1st-pass),MATTRESS,400-N004
EG-FLEXICARE-S MATT (K),ERGOTEX FLEXICARE-S MATT (K),EXISTS(1st-pass),MATTRESS,400-N004
EG-FLEXICARE-S MATT (Q),ERGOTEX FLEXICARE-S MATT (Q),EXISTS(1st-pass),MATTRESS,400-N004
EG-FLEXICARE-S MATT (S),ERGOTEX FLEXICARE-S MATT (S),EXISTS(1st-pass),MATTRESS,400-N004
EG-FLEXICARE-S MATT (SK),ERGOTEX FLEXICARE-S MATT (SK),EXISTS(1st-pass),MATTRESS,400-N004
EG-FLEXICARE-S MATT (SS),ERGOTEX FLEXICARE-S MATT (SS),EXISTS(1st-pass),MATTRESS,400-N004
EG-FLEXMOTION-C MATT (K),ERGOTEX FLEXMOTION-C MATT (K),EXISTS(1st-pass),MATTRESS,400-N004
EG-FLEXMOTION-C MATT (Q),ERGOTEX FLEXMOTION-C MATT (Q),EXISTS(1st-pass),MATTRESS,400-N004
EG-FLEXMOTION-C MATT (S),ERGOTEX FLEXMOTION-C MATT (S),EXISTS(1st-pass),MATTRESS,400-N004
EG-FLEXMOTION-C MATT (SS),ERGOTEX FLEXMOTION-C MATT (SS),EXISTS(1st-pass),MATTRESS,400-N004
EG-FLEXMOTION-S MATT (K),ERGOTEX FLEXMOTION-S MATT (K),EXISTS(1st-pass),MATTRESS,400-N004
EG-FLEXMOTION-S MATT (Q),ERGOTEX FLEXMOTION-S MATT (Q),EXISTS(1st-pass),MATTRESS,400-N004
EG-FLEXMOTION-S MATT (S),ERGOTEX FLEXMOTION-S MATT (S),EXISTS(1st-pass),MATTRESS,400-N004
EG-FLEXMOTION-S MATT (SS),ERGOTEX FLEXMOTION-S MATT (SS),EXISTS(1st-pass),MATTRESS,400-N004
EG-PUREZONE-C MATT (K),ERGOTEX PUREZONE-C MATT (K),EXISTS(1st-pass),MATTRESS,400-N004
EG-PUREZONE-C MATT (Q),ERGOTEX PUREZONE-C MATT (Q),EXISTS(1st-pass),MATTRESS,400-N004
EG-PUREZONE-C MATT (SK),ERGOTEX PUREZONE-C MATT (SK),EXISTS(1st-pass),MATTRESS,400-N004
EG-PUREZONE-S MATT (K),ERGOTEX PUREZONE-S MATT (K),EXISTS(1st-pass),MATTRESS,400-N004
EG-PUREZONE-S MATT (Q),ERGOTEX PUREZONE-S MATT (Q),EXISTS(1st-pass),MATTRESS,400-N004
EG-PUREZONE-S MATT (SK),ERGOTEX PUREZONE-S MATT (SK),EXISTS(1st-pass),MATTRESS,400-N004
EG-SPINECARE-C MATT (K),ERGOTEX SPINECARE-C MATT (K),EXISTS(1st-pass),MATTRESS,400-N004
EG-SPINECARE-C MATT (Q),ERGOTEX SPINECARE-C MATT (Q),EXISTS(1st-pass),MATTRESS,400-N004
EG-SPINECARE-C MATT (S),ERGOTEX SPINECARE-C MATT (S),EXISTS(1st-pass),MATTRESS,400-N004
EG-SPINECARE-C MATT (SK),ERGOTEX SPINECARE-C MATT (SK),EXISTS(1st-pass),MATTRESS,400-N004
EG-SPINECARE-C MATT (SS),ERGOTEX SPINECARE-C MATT (SS),EXISTS(1st-pass),MATTRESS,400-N004
EG-SPINECARE-S MATT (K),ERGOTEX SPINECARE-S MATT (K),EXISTS(1st-pass),MATTRESS,400-N004
EG-SPINECARE-S MATT (Q),ERGOTEX SPINECARE-S MATT (Q),EXISTS(1st-pass),MATTRESS,400-N004
EG-SPINECARE-S MATT (S),ERGOTEX SPINECARE-S MATT (S),EXISTS(1st-pass),MATTRESS,400-N004
EG-SPINECARE-S MATT (SK),ERGOTEX SPINECARE-S MATT (SK),EXISTS(1st-pass),MATTRESS,400-N004
EG-SPINECARE-S MATT (SS),ERGOTEX SPINECARE-S MATT (SS),EXISTS(1st-pass),MATTRESS,400-N004
GN--IN LOVE (QD),GN--IN LOVE (QD),EXISTS(1st-pass),MATTRESS,400-G002
GN-TENDER LOVE (KD),GN-TENDER LOVE (KD),EXISTS(1st-pass),MATTRESS,400-G002
GT-BIOCARE DUVET (KD),GT-BIOCARE DUVET (KD),EXISTS(1st-pass),MATTRESS,400-G003
GT-COMPASS GREEN (KD),GT-COMPASS GREEN (KD),EXISTS(1st-pass),MATTRESS,400-G003
Miscellaneous,MISC,EXISTS(1st-pass),OTHER,400-O001
RDS-5526 SOFA,5526-1S,NEW,SOFA,400-R001
TRANSPORTATION CHARGES,TRANSPORTATION CHARGES,EXISTS(1st-pass),TRANS,
HOK-1056 (K),FLAT-(K),EXISTS,BEDFRAME,400-O002
HOK-1056 (Q),FLAT-(Q),EXISTS,BEDFRAME,400-O002
HOK-1056 (S),FLAT-(S),EXISTS,BEDFRAME,400-O002
HOK-1056 (SK),FLAT-(SK),EXISTS,BEDFRAME,400-O002
HOK-1056 (SP),FLAT-(SP),EXISTS,BEDFRAME,400-O002
HOK-1056 (SS),FLAT-(SS),EXISTS,BEDFRAME,400-O002
DL-CLASSIC AURORA REST (K),DUNLOPILLO CLASSIC AURORA REST MATT (K),NEW,MATTRESS,400-D001
DL-CLASSIC AURORA REST (Q),DUNLOPILLO CLASSIC AURORA REST MATT (Q),NEW,MATTRESS,400-D001
DL-CLASSIC AURORA REST (SS),DUNLOPILLO CLASSIC AURORA REST MATT (SS),NEW,MATTRESS,400-D001
DL-CLASSIC DREAM VALLEY (K),DUNLOPILLO CLASSIC DREAM VALLEY MATT (K),NEW,MATTRESS,400-D001
DL-CLASSIC DREAM VALLEY (Q),DUNLOPILLO CLASSIC DREAM VALLEY MATT (Q),NEW,MATTRESS,400-D001
DL-CLASSIC DREAM VALLEY (SS),DUNLOPILLO CLASSIC DREAM VALLEY MATT (SS),NEW,MATTRESS,400-D001
HOK-5562 SOFA,5562-1S,NEW,SOFA,400-O002
RC-COM,RC-COM,NEW,SERVICE,
RC-CUS,RC-CUS,NEW,SERVICE,
RC-TRP,RC-TRP,NEW,SERVICE,
